{"type":"FeatureCollection","features":[{"type":"Feature","properties":{"km":1},"geometry":{"type":"MultiPolygon","coordinates":[[[[24.82221,56.39067],[24.79263,56.38929],[24.78972,56.38594],[24.79738,56.38409],[24.81316,56.38399],[24.82123,56.38282],[24.83097,56.3841],[24.82536,56.38661],[24.82221,56.39067]]],[[[22.96312,56.38816],[22.96816,56.38147],[22.97988,56.38246],[22.98927,56.37939],[22.9926,56.3756],[22.99231,56.37133],[23.01178,56.36969],[23.01863,56.37065],[23.01348,56.38206],[23.00655,56.38425],[22.96312,56.38816]]],[[[21.97705,56.38363],[21.9737,56.37796],[21.97131,56.37725],[21.97,56.37139],[21.97656,56.36992],[21.98249,56.36485],[21.98269,56.36104],[21.97906,56.35334],[21.98098,56.34753],[21.99968,56.34581],[22.00164,56.35461],[22.00581,56.36006],[22.001,56.36695],[22.00179,56.37505],[21.99437,56.37762],[21.9846,56.37859],[21.97705,56.38363]]],[[[22.07545,56.35914],[22.07156,56.35616],[22.06557,56.3545],[22.06771,56.3442],[22.07748,56.343],[22.08419,56.33816],[22.09138,56.34007],[22.09866,56.33996],[22.09705,56.34802],[22.09961,56.35345],[22.0893,56.35734],[22.07545,56.35914]]],[[[23.72072,56.37017],[23.71223,56.36926],[23.70699,56.36633],[23.70053,56.36474],[23.72685,56.36188],[23.73411,56.36481],[23.75029,56.36552],[23.75839,56.36374],[23.76367,56.36106],[23.76693,56.35725],[23.76616,56.35118],[23.75971,56.3469],[23.75244,56.34554],[23.76542,56.3404],[23.77621,56.36063],[23.75674,56.36868],[23.74259,56.36775],[23.73651,56.36954],[23.72072,56.37017]]],[[[22.949,56.34223],[22.94386,56.33814],[22.94081,56.33138],[22.95574,56.33263],[22.96576,56.33563],[22.97588,56.33527],[22.98242,56.33263],[22.97812,56.34225],[22.95674,56.34027],[22.949,56.34223]]],[[[22.57178,56.36204],[22.56734,56.36176],[22.55673,56.35355],[22.55812,56.34885],[22.56386,56.34667],[22.56724,56.34289],[22.56738,56.33908],[22.56433,56.33433],[22.56488,56.33029],[22.56863,56.32741],[22.57346,56.32792],[22.57898,56.33158],[22.5767,56.33874],[22.58008,56.34551],[22.57191,56.34789],[22.56649,56.35209],[22.56591,56.3568],[22.57178,56.36204]]],[[[24.87594,56.4031],[24.86536,56.40093],[24.85726,56.40099],[24.85624,56.39134],[24.85085,56.38598],[24.86089,56.38232],[24.87675,56.36806],[24.88106,56.36197],[24.93871,56.30405],[24.94165,56.30875],[24.94225,56.31638],[24.94683,56.32196],[24.94695,56.32667],[24.94073,56.33683],[24.93403,56.34384],[24.93235,56.35822],[24.92774,56.36814],[24.92104,56.3756],[24.92077,56.38099],[24.9161,56.38889],[24.91292,56.39138],[24.90488,56.39369],[24.9005,56.39709],[24.88915,56.39627],[24.88391,56.39743],[24.87594,56.4031]]],[[[23.21092,56.328],[23.20414,56.32369],[23.20182,56.31896],[23.18985,56.31125],[23.1944,56.30656],[23.19253,56.29936],[23.18414,56.29527],[23.17324,56.29497],[23.16606,56.29065],[23.16732,56.28842],[23.17098,56.28709],[23.1726,56.28688],[23.20976,56.30599],[23.21326,56.31252],[23.21846,56.31548],[23.22329,56.3164],[23.2131,56.32038],[23.21092,56.328]]],[[[22.00546,56.29694],[21.99878,56.29346],[21.98508,56.29279],[21.97959,56.28192],[21.96935,56.27703],[21.95929,56.27642],[21.96272,56.27266],[21.96258,56.26771],[21.97352,56.267],[21.98081,56.28194],[21.98546,56.28561],[21.99943,56.28876],[22.00829,56.28912],[22.00789,56.29698],[22.00546,56.29694]]],[[[22.09332,56.28485],[22.0854,56.2818],[22.07856,56.28125],[22.08114,56.27814],[22.08135,56.27388],[22.07834,56.26957],[22.08536,56.26631],[22.09008,56.26885],[22.09854,56.27729],[22.10023,56.28405],[22.09332,56.28485]]],[[[24.69689,56.31216],[24.6912,56.3104],[24.68253,56.30034],[24.68251,56.29899],[24.6909,56.29401],[24.69078,56.28704],[24.68181,56.28215],[24.66929,56.28222],[24.67126,56.27952],[24.68131,56.27699],[24.68413,56.27675],[24.6842,56.28034],[24.68749,56.28414],[24.69521,56.2868],[24.69454,56.29443],[24.6999,56.30002],[24.69595,56.30498],[24.69689,56.31216]]],[[[24.80429,56.36631],[24.80378,56.36137],[24.80975,56.35662],[24.81003,56.351],[24.81433,56.34401],[24.82168,56.34733],[24.8318,56.34771],[24.83703,56.34655],[24.84223,56.3436],[24.84418,56.34067],[24.84325,56.33506],[24.83669,56.33084],[24.82979,56.32976],[24.82975,56.32774],[24.84107,56.32789],[24.84988,56.32401],[24.85175,56.31726],[24.84802,56.31302],[24.85078,56.30985],[24.8507,56.30649],[24.85505,56.30241],[24.8627,56.30124],[24.86789,56.29828],[24.86984,56.29535],[24.86934,56.29109],[24.87408,56.28656],[24.87191,56.27984],[24.87834,56.27867],[24.88391,56.27526],[24.88975,56.28308],[24.89343,56.2853],[24.89994,56.28727],[24.90883,56.28743],[24.91129,56.28899],[24.90399,56.28769],[24.89551,56.28798],[24.8903,56.28959],[24.88554,56.29322],[24.88486,56.29884],[24.88695,56.30174],[24.89838,56.30682],[24.85611,56.34979],[24.84886,56.35119],[24.84367,56.35414],[24.84171,56.35708],[24.84227,56.36403],[24.83987,56.3654],[24.81801,56.36465],[24.80429,56.36631]]],[[[22.17837,56.30522],[22.15857,56.30515],[22.1644,56.30164],[22.16703,56.29719],[22.1755,56.29754],[22.19545,56.29424],[22.20285,56.29143],[22.20581,56.28855],[22.20644,56.28384],[22.20339,56.27998],[22.19426,56.2767],[22.18293,56.27721],[22.18515,56.27297],[22.1931,56.27556],[22.20156,56.27591],[22.21099,56.2729],[22.21445,56.26801],[22.22443,56.2704],[22.23128,56.2705],[22.23822,56.2688],[22.24282,56.2655],[22.24962,56.26672],[22.25155,56.26876],[22.24854,56.27276],[22.22674,56.27268],[22.22063,56.27394],[22.21525,56.27678],[22.21267,56.28011],[22.21285,56.28483],[22.21554,56.28779],[22.22267,56.29081],[22.22379,56.29285],[22.20025,56.29521],[22.17837,56.30522]]],[[[23.7693,56.29998],[23.7625,56.28942],[23.76252,56.28582],[23.7686,56.28202],[23.76943,56.27798],[23.7763,56.27687],[23.78035,56.2744],[23.78681,56.27397],[23.79244,56.27869],[23.79,56.28161],[23.79078,56.28677],[23.78469,56.29193],[23.78507,56.29664],[23.7693,56.29998]]],[[[24.54781,56.28484],[24.52595,56.28112],[24.52141,56.27373],[24.52503,56.27259],[24.53112,56.27481],[24.54,56.27499],[24.54523,56.27385],[24.54923,56.27136],[24.55612,56.27357],[24.54781,56.28484]]],[[[24.28508,56.30032],[24.29022,56.28549],[24.28093,56.28439],[24.28488,56.27337],[24.29052,56.27111],[24.29412,56.26661],[24.29817,56.26907],[24.30707,56.2713],[24.2934,56.27919],[24.29142,56.28301],[24.29308,56.2902],[24.28827,56.29403],[24.28831,56.29964],[24.28508,56.30032]]],[[[23.09196,56.28227],[23.0795,56.27994],[23.07502,56.26486],[23.07792,56.26151],[23.07802,56.25724],[23.07409,56.25295],[23.08614,56.25528],[23.09582,56.25535],[23.10863,56.25994],[23.10569,56.26486],[23.09716,56.26726],[23.09223,56.27082],[23.09129,56.2762],[23.09563,56.2805],[23.09196,56.28227]]],[[[22.60952,56.33686],[22.60687,56.33189],[22.60171,56.32914],[22.60399,56.32198],[22.59699,56.31471],[22.59517,56.30908],[22.58763,56.3054],[22.57634,56.30482],[22.57861,56.29811],[22.5944,56.29716],[22.60096,56.29454],[22.60389,56.29166],[22.60371,56.28537],[22.59743,56.28058],[22.5992,56.27633],[22.60454,56.2737],[22.60667,56.2708],[22.60528,56.2645],[22.60938,56.25174],[22.61382,56.25157],[22.61567,56.2563],[22.6212,56.25951],[22.63326,56.26077],[22.64265,56.25772],[22.64648,56.25215],[22.65335,56.25178],[22.66476,56.24853],[22.67482,56.24909],[22.66933,56.25622],[22.66856,56.26677],[22.67048,56.26971],[22.67562,56.27268],[22.68203,56.2741],[22.71868,56.27673],[22.71894,56.281],[22.71635,56.28591],[22.71179,56.28946],[22.68626,56.29211],[22.68091,56.29497],[22.67834,56.29921],[22.67237,56.29668],[22.6627,56.29612],[22.65577,56.29785],[22.6508,56.30138],[22.64765,56.31033],[22.64939,56.31844],[22.65894,56.32258],[22.68276,56.32351],[22.67984,56.32618],[22.67889,56.33021],[22.66595,56.3303],[22.65532,56.3221],[22.64324,56.32084],[22.63631,56.32256],[22.63133,56.3261],[22.63032,56.3317],[22.63224,56.33465],[22.62215,56.33408],[22.61356,56.33691],[22.60952,56.33686]]],[[[21.98908,56.25512],[21.99725,56.23773],[22.00891,56.23837],[22.01089,56.24694],[22.0167,56.25152],[22.01502,56.25284],[21.98908,56.25512]]],[[[21.90511,56.24834],[21.90217,56.24312],[21.89786,56.2408],[21.89026,56.23955],[21.88936,56.23392],[21.90599,56.23218],[21.91383,56.22894],[21.91571,56.23886],[21.90787,56.24209],[21.90511,56.24834]]],[[[24.50622,56.2538],[24.49361,56.24644],[24.48027,56.24335],[24.47615,56.23663],[24.48865,56.2368],[24.49708,56.23408],[24.50152,56.23428],[24.50239,56.23922],[24.51387,56.25265],[24.50622,56.2538]]],[[[21.48151,56.24133],[21.4784,56.23947],[21.47084,56.23797],[21.4667,56.23339],[21.46673,56.22688],[21.46057,56.22248],[21.44585,56.21949],[21.4378,56.21932],[21.43125,56.22076],[21.4343,56.20532],[21.44393,56.20597],[21.47276,56.20274],[21.46896,56.20536],[21.46243,56.20657],[21.457,56.20938],[21.45454,56.21607],[21.45751,56.21995],[21.46656,56.22328],[21.47462,56.22345],[21.48771,56.22057],[21.4901,56.22107],[21.48884,56.228],[21.48305,56.23013],[21.47958,56.23388],[21.48151,56.24133]]],[[[23.11872,56.24227],[23.10912,56.23861],[23.09342,56.23759],[23.07498,56.23274],[23.09484,56.2284],[23.10408,56.22981],[23.11296,56.22965],[23.12233,56.22545],[23.11851,56.23373],[23.1184,56.23867],[23.12035,56.24116],[23.11872,56.24227]]],[[[23.19092,56.24186],[23.18092,56.23798],[23.17285,56.23792],[23.16718,56.23923],[23.16286,56.23381],[23.15406,56.23061],[23.1562,56.22524],[23.16104,56.22504],[23.16785,56.22689],[23.17421,56.23097],[23.18467,56.23239],[23.19383,56.23761],[23.19092,56.24186]]],[[[23.80387,56.25221],[23.79024,56.23692],[23.78707,56.22658],[23.78427,56.22366],[23.78911,56.22344],[23.79514,56.22547],[23.80159,56.22571],[23.80034,56.23334],[23.80674,56.24368],[23.80387,56.25221]]],[[[22.79664,56.22383],[22.79237,56.2184],[22.79531,56.21461],[22.80738,56.2154],[22.81552,56.21279],[22.82036,56.21283],[22.82589,56.21648],[22.83512,56.21791],[22.83219,56.22148],[22.8257,56.22254],[22.80478,56.22144],[22.79664,56.22383]]],[[[21.82457,56.21011],[21.811,56.20066],[21.82301,56.20199],[21.82831,56.20096],[21.83331,56.19813],[21.84396,56.20213],[21.86458,56.20092],[21.85934,56.20824],[21.82457,56.21011]]],[[[22.15356,56.22466],[22.15177,56.22015],[22.14389,56.21621],[22.14154,56.20652],[22.14881,56.20618],[22.15744,56.20271],[22.1711,56.21212],[22.16285,56.22435],[22.15356,56.22466]]],[[[22.11423,56.22924],[22.10677,56.22508],[22.09189,56.2244],[22.09095,56.219],[22.08714,56.21445],[22.09501,56.20221],[22.09835,56.19979],[22.10759,56.20039],[22.11423,56.22924]]],[[[24.97995,56.28959],[24.9682,56.28811],[24.95326,56.288],[24.94706,56.28221],[24.93932,56.27935],[24.9453,56.2766],[24.94806,56.27366],[24.94834,56.26895],[24.94625,56.26604],[24.93443,56.26119],[24.92394,56.26105],[24.92425,56.25745],[24.9323,56.25627],[24.93747,56.25331],[24.93971,56.24588],[24.93639,56.24209],[24.92988,56.23967],[24.92978,56.23585],[24.92432,56.22668],[24.91491,56.22091],[24.92168,56.21749],[24.92759,56.21183],[24.9356,56.20998],[24.94174,56.21375],[24.96926,56.21825],[25.03916,56.23925],[25.03207,56.24582],[25.02881,56.25954],[25.00372,56.2721],[24.99639,56.28519],[24.98799,56.2884],[24.97995,56.28959]]],[[[24.1455,56.23791],[24.13219,56.2359],[24.13215,56.22692],[24.139,56.22579],[24.14423,56.22286],[24.14624,56.21994],[24.1446,56.21343],[24.14782,56.21275],[24.1555,56.21881],[24.16358,56.22172],[24.16037,56.22531],[24.16038,56.22936],[24.16241,56.23227],[24.16767,56.23519],[24.16122,56.23677],[24.1455,56.23791]]],[[[21.89374,56.21288],[21.89345,56.21085],[21.8977,56.20688],[21.89795,56.20239],[21.9105,56.20125],[21.91748,56.1989],[21.92209,56.19561],[21.94459,56.19666],[21.96125,56.19402],[21.96928,56.1946],[21.96509,56.19767],[21.96405,56.20215],[21.95582,56.20538],[21.89374,56.21288]]],[[[24.47955,56.21865],[24.47148,56.21778],[24.44086,56.21857],[24.44471,56.20261],[24.46244,56.20299],[24.46652,56.20747],[24.47583,56.21058],[24.4871,56.20986],[24.4955,56.20534],[24.50284,56.21137],[24.50088,56.21587],[24.49121,56.21591],[24.47955,56.21865]]],[[[23.05069,56.22043],[23.0583,56.20589],[23.05844,56.2005],[23.06096,56.19603],[23.0774,56.1993],[23.06702,56.21202],[23.05069,56.22043]]],[[[24.2511,56.22943],[24.25064,56.22202],[24.24416,56.21619],[24.24129,56.20924],[24.23401,56.20454],[24.22433,56.20343],[24.2243,56.19669],[24.22996,56.20095],[24.23682,56.20273],[24.2489,56.20159],[24.25492,56.19753],[24.26418,56.19751],[24.26983,56.19885],[24.26424,56.20695],[24.2566,56.20876],[24.25179,56.21236],[24.25143,56.21865],[24.25751,56.22335],[24.2511,56.22943]]],[[[24.5412,56.21705],[24.53791,56.21257],[24.54146,56.20694],[24.54865,56.20264],[24.55417,56.19408],[24.55935,56.19047],[24.56303,56.19427],[24.57806,56.20251],[24.57326,56.20523],[24.57051,56.20973],[24.56444,56.20819],[24.55116,56.20914],[24.54356,56.21277],[24.5412,56.21705]]],[[[24.34818,56.22134],[24.34047,56.21552],[24.35433,56.18808],[24.35838,56.19144],[24.35521,56.19661],[24.35525,56.20088],[24.35932,56.20513],[24.3509,56.20987],[24.35014,56.21527],[24.35421,56.21952],[24.34818,56.22134]]],[[[22.41149,56.19815],[22.40153,56.19533],[22.38941,56.19629],[22.38993,56.19338],[22.40082,56.18341],[22.40186,56.17781],[22.40504,56.17875],[22.40887,56.18352],[22.40907,56.18846],[22.41328,56.19368],[22.42197,56.19806],[22.41149,56.19815]]],[[[22.92357,56.21153],[22.91314,56.20964],[22.91366,56.2056],[22.91173,56.20266],[22.90657,56.1997],[22.90137,56.19853],[22.88885,56.19954],[22.88108,56.20351],[22.87855,56.20731],[22.87009,56.20746],[22.86615,56.20428],[22.85936,56.20242],[22.86665,56.20114],[22.88294,56.195],[22.89303,56.19419],[22.91289,56.18987],[22.92025,56.18612],[22.92366,56.17941],[22.93167,56.18105],[22.95546,56.17969],[22.96375,56.18582],[22.96407,56.18919],[22.94076,56.1872],[22.92582,56.18841],[22.91807,56.19194],[22.91598,56.19484],[22.91625,56.19956],[22.92336,56.20456],[22.92525,56.20885],[22.92357,56.21153]]],[[[24.04143,56.20542],[24.02894,56.20498],[24.02128,56.20071],[24.02329,56.19375],[24.02933,56.18903],[24.02852,56.1823],[24.03093,56.1805],[24.03335,56.1805],[24.039,56.19644],[24.04182,56.19891],[24.04143,56.20542]]],[[[23.22225,56.22836],[23.20354,56.21679],[23.19229,56.21492],[23.19647,56.20776],[23.19427,56.19764],[23.20512,56.19883],[23.21107,56.20314],[23.21788,56.20498],[23.22999,56.20393],[23.23529,56.20105],[23.23695,56.19836],[23.24493,56.20245],[23.25661,56.20275],[23.26432,56.19987],[23.26761,56.19608],[23.26691,56.19068],[23.26056,56.18548],[23.27383,56.18668],[23.28072,56.1847],[23.29803,56.18457],[23.3179,56.17705],[23.32824,56.18429],[23.32014,56.18717],[23.31644,56.19142],[23.29611,56.20141],[23.29364,56.20431],[23.27857,56.21321],[23.26039,56.21557],[23.23723,56.22486],[23.22831,56.22773],[23.22225,56.22836]]],[[[21.2436,56.161],[21.2349,56.15316],[21.23466,56.14529],[21.2306,56.14026],[21.23741,56.13502],[21.24556,56.13925],[21.25637,56.13994],[21.26656,56.15522],[21.25686,56.15567],[21.24982,56.15844],[21.24765,56.16064],[21.2436,56.161]]],[[[25.02256,56.1765],[25.01403,56.17365],[25.00517,56.17327],[25.00176,56.16611],[25.01543,56.16555],[25.0278,56.16141],[25.03612,56.17167],[25.02256,56.1765]]],[[[21.80984,56.16447],[21.80234,56.16187],[21.78301,56.16197],[21.78969,56.15782],[21.79044,56.15177],[21.80374,56.14437],[21.80984,56.16447]]],[[[24.28579,56.17883],[24.27572,56.1784],[24.27884,56.16312],[24.28728,56.16198],[24.29329,56.15815],[24.29656,56.1651],[24.30222,56.16823],[24.30746,56.16934],[24.30024,56.17273],[24.29827,56.17767],[24.28579,56.17883]]],[[[23.97939,56.18612],[23.97013,56.18477],[23.96087,56.1814],[23.95121,56.18184],[23.94436,56.18498],[23.94396,56.18116],[23.94074,56.17802],[23.9488,56.1751],[23.95202,56.17129],[23.95123,56.165],[23.94601,56.15669],[23.95285,56.15647],[23.95284,56.15983],[23.95606,56.16365],[23.96249,56.16635],[23.96813,56.1668],[23.97537,56.17466],[23.98503,56.17781],[23.99429,56.18275],[23.99389,56.18544],[23.97939,56.18612]]],[[[23.09355,56.18055],[23.08762,56.17624],[23.08161,56.17485],[23.06992,56.17543],[23.06677,56.17249],[23.07572,56.16852],[23.0779,56.16179],[23.07596,56.15886],[23.0708,56.1559],[23.05716,56.154],[23.05926,56.15042],[23.0658,56.14621],[23.08972,56.15537],[23.08944,56.16727],[23.0985,56.17565],[23.09802,56.17901],[23.09355,56.18055]]],[[[22.4163,56.15958],[22.40875,56.15724],[22.38904,56.15698],[22.38546,56.14638],[22.40282,56.14481],[22.41712,56.1396],[22.42481,56.13857],[22.41754,56.14904],[22.41848,56.15556],[22.4163,56.15958]]],[[[25.404,56.15816],[25.37128,56.15493],[25.37633,56.14971],[25.37228,56.13785],[25.40548,56.14354],[25.40843,56.14733],[25.40244,56.14852],[25.404,56.15816]]],[[[24.49656,56.19321],[24.50169,56.18533],[24.50163,56.18106],[24.49714,56.17636],[24.49547,56.17165],[24.48857,56.16719],[24.47568,56.16589],[24.47951,56.1506],[24.48468,56.14609],[24.49149,56.14337],[24.49714,56.14514],[24.50519,56.14534],[24.51938,56.15314],[24.52391,56.16075],[24.53038,56.16342],[24.53562,56.16385],[24.53768,56.16743],[24.54418,56.17145],[24.52783,56.18252],[24.52032,56.19311],[24.51183,56.19045],[24.50337,56.19071],[24.49656,56.19321]]],[[[22.87299,56.14976],[22.83802,56.14854],[22.84011,56.14587],[22.87226,56.13336],[22.8839,56.13414],[22.88017,56.13815],[22.88042,56.14332],[22.87633,56.14553],[22.87299,56.14976]]],[[[24.72399,56.16424],[24.72749,56.15793],[24.73267,56.1552],[24.73463,56.15227],[24.73413,56.14733],[24.73767,56.14304],[24.73508,56.13385],[24.75238,56.13397],[24.75131,56.14094],[24.74571,56.14255],[24.74056,56.14684],[24.74153,56.15537],[24.73959,56.15943],[24.73116,56.1606],[24.72399,56.16424]]],[[[23.71751,56.14807],[23.71673,56.14492],[23.71233,56.14132],[23.71314,56.13997],[23.7208,56.1373],[23.72364,56.13371],[23.73848,56.14003],[23.74531,56.14117],[23.74892,56.14364],[23.73601,56.14788],[23.72436,56.14674],[23.71751,56.14807]]],[[[23.30425,56.15272],[23.29783,56.15179],[23.29306,56.14839],[23.28626,56.14655],[23.27659,56.14695],[23.2697,56.14983],[23.2661,56.14868],[23.27267,56.14153],[23.27054,56.1267],[23.27569,56.13077],[23.27838,56.13752],[23.28791,56.14409],[23.3027,56.14912],[23.30425,56.15272]]],[[[24.15159,56.1465],[24.15235,56.13415],[24.15032,56.13123],[24.14428,56.12809],[24.15231,56.12516],[24.15551,56.12157],[24.16316,56.12246],[24.17686,56.12985],[24.18451,56.13231],[24.18858,56.14218],[24.18014,56.14264],[24.17291,56.14625],[24.16084,56.14559],[24.15159,56.1465]]],[[[25.68193,56.14503],[25.67412,56.14109],[25.66083,56.14082],[25.65092,56.13489],[25.63161,56.13492],[25.63744,56.1207],[25.63616,56.10948],[25.64481,56.11431],[25.64504,56.1197],[25.6408,56.12402],[25.6431,56.13073],[25.64886,56.1338],[25.65495,56.13506],[25.66378,56.13472],[25.66932,56.13262],[25.67746,56.13476],[25.68034,56.13629],[25.68427,56.1432],[25.68193,56.14503]]],[[[25.50951,56.12906],[25.43971,56.12316],[25.42736,56.11522],[25.42685,56.1123],[25.43082,56.11113],[25.43452,56.11311],[25.44342,56.1148],[25.45387,56.11468],[25.46063,56.11258],[25.46945,56.11203],[25.48196,56.11323],[25.48603,56.11452],[25.48698,56.11856],[25.49358,56.12274],[25.49885,56.1238],[25.50807,56.12324],[25.50951,56.12906]]],[[[23.37292,56.13624],[23.36851,56.1351],[23.35805,56.13572],[23.32312,56.10903],[23.33277,56.10908],[23.34072,56.11429],[23.34871,56.1168],[23.3648,56.11644],[23.36877,56.11915],[23.36748,56.12476],[23.36944,56.12769],[23.37981,56.13313],[23.37292,56.13624]]],[[[25.2205,56.15876],[25.1999,56.15649],[25.18582,56.15663],[25.17848,56.15333],[25.17241,56.15226],[25.16992,56.14981],[25.17792,56.14817],[25.18386,56.14519],[25.18811,56.13953],[25.19405,56.13633],[25.19748,56.13046],[25.203,56.12681],[25.21611,56.12174],[25.24114,56.12486],[25.25011,56.12859],[25.26176,56.12825],[25.28821,56.1136],[25.29667,56.10228],[25.30594,56.10308],[25.30605,56.10623],[25.30092,56.10898],[25.29908,56.11416],[25.28241,56.12062],[25.27324,56.12274],[25.26189,56.13229],[25.25997,56.13523],[25.26025,56.14354],[25.26365,56.14912],[25.26092,56.15184],[25.25105,56.15755],[25.22889,56.15688],[25.2205,56.15876]]],[[[23.55198,56.12849],[23.54038,56.12328],[23.53763,56.11811],[23.53164,56.11516],[23.52967,56.11134],[23.52569,56.10863],[23.52771,56.10729],[23.53293,56.10776],[23.54451,56.11431],[23.55575,56.1157],[23.55934,56.11796],[23.55367,56.12198],[23.55198,56.12849]]],[[[24.25977,56.1416],[24.25372,56.13915],[24.24648,56.13804],[24.22195,56.13853],[24.21748,56.13136],[24.23799,56.13132],[24.24321,56.13018],[24.24962,56.12591],[24.25278,56.11781],[24.27402,56.10901],[24.28126,56.10899],[24.28768,56.10741],[24.29893,56.1076],[24.29855,56.11053],[24.29135,56.11548],[24.2914,56.1211],[24.28091,56.11618],[24.27487,56.11485],[24.26482,56.11532],[24.25721,56.11893],[24.25522,56.12185],[24.25606,56.12724],[24.27464,56.1391],[24.27264,56.14023],[24.25977,56.1416]]],[[[23.14671,56.14387],[23.14353,56.1425],[23.13687,56.1346],[23.14463,56.12926],[23.14513,56.12455],[23.14319,56.12161],[23.13563,56.11797],[23.12398,56.11744],[23.10931,56.1088],[23.1215,56.10305],[23.12496,56.11003],[23.13571,56.11438],[23.14414,56.11488],[23.15521,56.12349],[23.15989,56.13004],[23.15217,56.13358],[23.1501,56.13648],[23.15116,56.143],[23.14671,56.14387]]],[[[23.44164,56.13972],[23.44131,56.13478],[23.45383,56.13124],[23.46318,56.12409],[23.46372,56.11399],[23.46097,56.10971],[23.46427,56.10366],[23.48288,56.12373],[23.47556,56.13043],[23.46832,56.1304],[23.45138,56.1337],[23.44491,56.13636],[23.44164,56.13972]]],[[[23.85279,56.11978],[23.84758,56.11686],[23.84399,56.11011],[23.83235,56.10471],[23.8597,56.09868],[23.85682,56.11642],[23.85561,56.11889],[23.85279,56.11978]]],[[[21.45529,56.09522],[21.45376,56.09407],[21.4541,56.08891],[21.44708,56.07955],[21.44206,56.07652],[21.43492,56.07525],[21.43462,56.07367],[21.44601,56.07144],[21.46819,56.0701],[21.4918,56.07148],[21.49247,56.07352],[21.48175,56.07779],[21.47585,56.07587],[21.46744,56.07548],[21.45801,56.07843],[21.45454,56.08217],[21.45428,56.08621],[21.4578,56.0937],[21.45529,56.09522]]],[[[25.14432,56.11434],[25.13624,56.11285],[25.1329,56.10861],[25.12639,56.10597],[25.11633,56.10562],[25.10835,56.10771],[25.10389,56.10618],[25.09745,56.10601],[25.1021,56.09991],[25.0999,56.09296],[25.10905,56.08996],[25.12045,56.09525],[25.1293,56.09539],[25.13527,56.09377],[25.1386,56.09755],[25.14754,56.10084],[25.16922,56.10041],[25.16055,56.10588],[25.15377,56.10752],[25.14831,56.11318],[25.14432,56.11434]]],[[[22.55096,56.1107],[22.5516,56.09363],[22.5478,56.08775],[22.54947,56.0862],[22.56239,56.08433],[22.55996,56.09575],[22.56263,56.0996],[22.55995,56.10676],[22.55096,56.1107]]],[[[22.16548,56.10175],[22.16398,56.09948],[22.16037,56.09943],[22.15713,56.09152],[22.16266,56.08509],[22.17573,56.08057],[22.18071,56.07705],[22.18624,56.07915],[22.18161,56.08357],[22.18141,56.08784],[22.18524,56.09194],[22.18475,56.09373],[22.16548,56.10175]]],[[[22.64279,56.10545],[22.64093,56.10116],[22.63581,56.09819],[22.6238,56.09693],[22.61772,56.09843],[22.61342,56.09502],[22.62191,56.09376],[22.62723,56.0909],[22.62945,56.08486],[22.63441,56.0811],[22.63493,56.07774],[22.6409,56.07915],[22.63908,56.0852],[22.64099,56.08814],[22.6497,56.09183],[22.64392,56.09625],[22.64332,56.10186],[22.64522,56.1048],[22.64279,56.10545]]],[[[24.07146,56.10435],[24.06704,56.10391],[24.07867,56.09671],[24.0859,56.09559],[24.09032,56.09334],[24.09352,56.08974],[24.09471,56.08413],[24.09873,56.0848],[24.10517,56.09041],[24.10518,56.09377],[24.09314,56.09738],[24.08752,56.10142],[24.07146,56.10435]]],[[[22.35298,56.10619],[22.33777,56.10464],[22.3348,56.09899],[22.32849,56.09621],[22.32249,56.09567],[22.32462,56.09278],[22.32429,56.082],[22.31554,56.07065],[22.32515,56.07123],[22.33042,56.07018],[22.33576,56.06733],[22.33795,56.06309],[22.34316,56.06339],[22.34191,56.08313],[22.34569,56.08858],[22.34543,56.09464],[22.35085,56.09943],[22.35762,56.10109],[22.35298,56.10619]]],[[[22.44454,56.09817],[22.44438,56.0921],[22.43658,56.08639],[22.44305,56.08535],[22.46102,56.07794],[22.46523,56.07305],[22.46627,56.067],[22.47687,56.06286],[22.48118,56.06561],[22.49347,56.06958],[22.48565,56.07442],[22.48353,56.07732],[22.48337,56.08158],[22.48793,56.08815],[22.47905,56.08917],[22.47328,56.09291],[22.46397,56.0946],[22.45941,56.09813],[22.44899,56.09733],[22.44454,56.09817]]],[[[24.7305,56.08312],[24.72183,56.07037],[24.72416,56.06609],[24.75626,56.06545],[24.75443,56.07467],[24.74519,56.07428],[24.73999,56.07543],[24.7305,56.08312]]],[[[25.47757,56.06162],[25.42223,56.06339],[25.41975,56.0614],[25.42784,56.0631],[25.44024,56.06184],[25.4465,56.05749],[25.44753,56.05277],[25.45609,56.05626],[25.48023,56.05777],[25.47757,56.06162]]],[[[23.6167,56.09053],[23.60833,56.08332],[23.59753,56.07924],[23.58749,56.07965],[23.56813,56.08655],[23.55941,56.07709],[23.56585,56.07531],[23.58522,56.06617],[23.58931,56.05922],[23.5949,56.06261],[23.59803,56.07003],[23.6036,56.07477],[23.61,56.07748],[23.61963,56.07841],[23.61476,56.08311],[23.6167,56.09053]]],[[[25.51795,56.07797],[25.51303,56.07534],[25.50494,56.07387],[25.5166,56.05373],[25.52238,56.0476],[25.52966,56.04908],[25.53688,56.04899],[25.5498,56.06096],[25.5498,56.07084],[25.54062,56.0723],[25.53437,56.07665],[25.51795,56.07797]]],[[[25.69735,56.12056],[25.69237,56.11703],[25.68667,56.11532],[25.67704,56.10669],[25.64619,56.09003],[25.64119,56.08583],[25.64053,56.07978],[25.64633,56.07453],[25.64573,56.06982],[25.64195,56.06605],[25.64504,56.06309],[25.65775,56.06],[25.666,56.05563],[25.67241,56.05554],[25.6834,56.05898],[25.69341,56.0584],[25.7013,56.05514],[25.70117,56.06143],[25.70288,56.06366],[25.69842,56.06282],[25.68841,56.06341],[25.68093,56.06665],[25.67788,56.07051],[25.67893,56.07611],[25.6839,56.07964],[25.6908,56.08134],[25.70042,56.08076],[25.70556,56.07889],[25.71061,56.07501],[25.71117,56.06961],[25.70947,56.06738],[25.72234,56.06788],[25.73099,56.06394],[25.73361,56.05964],[25.73292,56.05313],[25.73602,56.05062],[25.73813,56.04407],[25.7409,56.04314],[25.75036,56.05715],[25.7569,56.05976],[25.76536,56.06031],[25.75683,56.06694],[25.7488,56.06706],[25.74206,56.06895],[25.73741,56.07261],[25.7368,56.07689],[25.72441,56.07841],[25.71731,56.0812],[25.70249,56.08208],[25.68781,56.08633],[25.68689,56.09285],[25.69541,56.09476],[25.6989,56.101],[25.69299,56.10377],[25.6997,56.11918],[25.69735,56.12056]]],[[[22.81483,56.07847],[22.79727,56.07471],[22.81006,56.05058],[22.81417,56.04747],[22.82173,56.04979],[22.82572,56.06353],[22.82919,56.0685],[22.8343,56.07192],[22.82494,56.0761],[22.81483,56.07847]]],[[[24.88758,56.08456],[24.8763,56.0833],[24.87421,56.07972],[24.87014,56.07728],[24.86127,56.07554],[24.86798,56.07056],[24.86866,56.06516],[24.86537,56.06137],[24.85848,56.05849],[24.87226,56.04672],[24.87292,56.0402],[24.87492,56.04019],[24.87514,56.04962],[24.88052,56.05699],[24.88543,56.06122],[24.89719,56.0663],[24.89501,56.07598],[24.90038,56.08245],[24.88758,56.08456]]],[[[21.44154,56.04798],[21.43731,56.0452],[21.43218,56.04397],[21.42008,56.04484],[21.42474,56.04112],[21.42511,56.03551],[21.42019,56.03114],[21.41388,56.02943],[21.4138,56.02471],[21.40832,56.01673],[21.42085,56.0152],[21.44154,56.04798]]],[[[22.66721,56.05002],[22.66694,56.04619],[22.66423,56.04325],[22.65392,56.03999],[22.66166,56.03648],[22.67035,56.04039],[22.68518,56.041],[22.69451,56.03795],[22.69744,56.03417],[22.70869,56.03361],[22.7105,56.0397],[22.7192,56.04338],[22.71589,56.04649],[22.71537,56.05008],[22.68704,56.04529],[22.67901,56.0452],[22.67213,56.04692],[22.66721,56.05002]]],[[[25.04428,56.05684],[25.02167,56.05186],[25.0014,56.04417],[25.00601,56.03604],[25.02347,56.04399],[25.03351,56.04435],[25.03909,56.04296],[25.03844,56.04858],[25.04052,56.05148],[25.04582,56.05435],[25.0539,56.05653],[25.04428,56.05684]]],[[[21.90796,56.04801],[21.90581,56.04326],[21.91946,56.03563],[21.92583,56.029],[21.92586,56.02114],[21.93581,56.02243],[21.94699,56.03856],[21.93956,56.04248],[21.9253,56.04651],[21.91689,56.04614],[21.90796,56.04801]]],[[[23.7956,56.06378],[23.80253,56.04336],[23.80176,56.03617],[23.80618,56.03483],[23.81338,56.03955],[23.821,56.04091],[23.8085,56.05212],[23.80807,56.05931],[23.7956,56.06378]]],[[[25.81999,56.04402],[25.82154,56.03433],[25.8282,56.03087],[25.83542,56.03076],[25.84294,56.02863],[25.84796,56.02473],[25.84857,56.02068],[25.85955,56.01535],[25.8587,56.02277],[25.85367,56.02667],[25.85416,56.02846],[25.85065,56.03053],[25.83901,56.03048],[25.83165,56.03598],[25.82715,56.04256],[25.82481,56.04394],[25.81999,56.04402]]],[[[25.09299,56.06181],[25.09364,56.05641],[25.0895,56.05218],[25.09668,56.05032],[25.10215,56.0451],[25.10118,56.0395],[25.09544,56.03506],[25.10018,56.03254],[25.10483,56.02666],[25.11198,56.02435],[25.11335,56.02996],[25.11624,56.03285],[25.12394,56.0357],[25.13357,56.03561],[25.1357,56.03986],[25.141,56.04273],[25.12133,56.04246],[25.11615,56.04363],[25.11102,56.0466],[25.10909,56.04953],[25.10902,56.06099],[25.09299,56.06181]]],[[[21.46371,56.02822],[21.45717,56.01798],[21.462,56.01763],[21.46859,56.01507],[21.47204,56.01132],[21.47229,56.0075],[21.46509,56.00107],[21.47715,56.00064],[21.48034,56.00699],[21.48971,56.011],[21.48973,56.01685],[21.47022,56.02072],[21.46518,56.02421],[21.46371,56.02822]]],[[[22.42511,56.03256],[22.41793,56.0318],[22.41603,56.02908],[22.42378,56.02603],[22.42714,56.02226],[22.42657,56.01641],[22.42115,56.01185],[22.42911,56.0133],[22.43955,56.01276],[22.44109,56.01435],[22.43609,56.019],[22.43487,56.02932],[22.42511,56.03256]]],[[[21.91965,56.01721],[21.91051,56.01571],[21.89954,56.01081],[21.88251,56.00692],[21.8798,56.0053],[21.89368,56.0006],[21.89666,56.00492],[21.90292,56.00772],[21.91854,56.00798],[21.91744,56.01358],[21.91965,56.01721]]],[[[25.58831,56.02116],[25.58627,56.02029],[25.58662,56.00928],[25.59823,56.0089],[25.60805,56.00384],[25.61485,56.00352],[25.61754,56.01045],[25.61618,56.01631],[25.60573,56.01577],[25.59735,56.01678],[25.58831,56.02116]]],[[[24.53117,56.04574],[24.52954,56.04328],[24.53025,56.03654],[24.52456,56.03139],[24.52451,56.0278],[24.52961,56.01947],[24.529,56.0042],[24.53701,56.00394],[24.56436,56.01033],[24.57717,56.00915],[24.57804,56.01386],[24.58291,56.01743],[24.58975,56.0192],[24.60338,56.01913],[24.60546,56.02339],[24.61031,56.02583],[24.60554,56.029],[24.59712,56.02882],[24.59033,56.03087],[24.58226,56.02754],[24.57103,56.02782],[24.56347,56.03145],[24.56115,56.03797],[24.55391,56.03598],[24.54108,56.03671],[24.53351,56.04034],[24.53117,56.04574]]],[[[24.93944,56.0204],[24.9242,56.02051],[24.90167,56.01709],[24.90133,56.00249],[24.91573,56.00149],[24.92261,56.00435],[24.92602,56.01264],[24.93291,56.01573],[24.93944,56.0204]]],[[[21.12793,56.00063],[21.12788,55.99591],[21.12226,55.98522],[21.12431,55.9792],[21.11933,55.97077],[21.12829,55.97413],[21.14031,55.97418],[21.13489,55.97698],[21.13268,55.97985],[21.13236,55.98411],[21.1359,55.99048],[21.13465,55.99652],[21.13604,55.99947],[21.12793,56.00063]]],[[[25.31328,56.0235],[25.30438,56.02112],[25.29474,56.02077],[25.29818,56.00367],[25.29484,55.99989],[25.28754,55.99704],[25.29712,55.99604],[25.30095,56.00274],[25.30628,56.00628],[25.30726,56.01143],[25.3126,56.01519],[25.31947,56.01692],[25.33152,56.01746],[25.32529,56.02292],[25.31328,56.0235]]],[[[21.81647,55.99791],[21.80736,55.99595],[21.80935,55.98902],[21.80658,55.98133],[21.81211,55.98278],[21.81972,55.98291],[21.82781,55.98148],[21.82482,55.9848],[21.82457,55.98929],[21.82718,55.9927],[21.8219,55.99396],[21.81647,55.99791]]],[[[25.08001,56.01386],[25.07971,56.0033],[25.07549,55.9957],[25.07624,55.9939],[25.09839,55.99752],[25.10132,56.00221],[25.1058,56.00442],[25.08001,56.01386]]],[[[24.0248,56.03318],[24.00394,56.02824],[24.00394,56.02016],[24.01236,56.02285],[24.02078,56.02308],[24.0276,56.02128],[24.0332,56.01611],[24.0332,56.01184],[24.03039,56.0078],[24.02197,56.00376],[24.00995,56.00242],[24.01155,55.99815],[24.0789,56.0107],[24.0312,56.02083],[24.02439,56.02577],[24.0248,56.03318]]],[[[23.05276,56.00552],[23.05171,55.99944],[23.07419,55.99782],[23.09712,55.99417],[23.09943,55.99823],[23.08652,56.00195],[23.07568,56.00277],[23.07002,56.00475],[23.05881,56.00399],[23.05276,56.00552]]],[[[25.45265,55.98622],[25.43903,55.98616],[25.42841,55.98067],[25.45036,55.97839],[25.4548,55.97946],[25.47481,55.979],[25.49216,55.98216],[25.47898,55.98321],[25.46293,55.98251],[25.45265,55.98622]]],[[[21.37247,55.97172],[21.36896,55.97029],[21.36943,55.96918],[21.38356,55.96768],[21.39132,55.96538],[21.40738,55.96482],[21.41432,55.96294],[21.41982,55.95856],[21.43021,55.95878],[21.43729,55.96072],[21.43273,55.9631],[21.43052,55.9662],[21.41005,55.96689],[21.39177,55.97055],[21.3806,55.96987],[21.37247,55.97172]]],[[[25.79572,56.00529],[25.79078,56.00244],[25.7938,55.99835],[25.7936,55.99409],[25.79062,55.99031],[25.79651,55.98776],[25.79918,55.9848],[25.79936,55.98008],[25.79593,55.97519],[25.80167,55.96949],[25.80416,55.97125],[25.80855,55.98803],[25.79952,55.9922],[25.79646,55.99539],[25.79572,56.00529]]],[[[25.68215,55.97477],[25.67401,55.97196],[25.66157,55.97145],[25.65843,55.96341],[25.65292,55.9563],[25.67358,55.96186],[25.70315,55.96055],[25.7009,55.96396],[25.7024,55.9709],[25.69769,55.97298],[25.68215,55.97477]]],[[[24.16694,55.97603],[24.1601,55.9675],[24.15408,55.96324],[24.15407,55.96055],[24.16167,55.96076],[24.16687,55.95963],[24.17207,55.95671],[24.17405,55.95289],[24.19607,55.95308],[24.1921,55.96072],[24.19213,55.96566],[24.16694,55.97603]]],[[[24.93617,55.98494],[24.93494,55.9836],[24.93965,55.97952],[24.93993,55.97458],[24.93663,55.97079],[24.92895,55.9677],[24.93822,55.9537],[24.94449,55.94827],[24.94967,55.9471],[24.9561,55.9484],[24.9582,55.95243],[24.96878,55.95908],[24.96401,55.96047],[24.95852,55.965],[24.95823,55.96972],[24.96194,55.97373],[24.94338,55.98488],[24.93617,55.98494]]],[[[25.17638,55.96603],[25.17488,55.95617],[25.18279,55.93992],[25.19608,55.94249],[25.21169,55.94256],[25.206,55.95272],[25.19638,55.95237],[25.18963,55.95423],[25.18456,55.95854],[25.18514,55.96438],[25.17638,55.96603]]],[[[22.41537,55.97674],[22.41017,55.97644],[22.40774,55.96743],[22.40231,55.96309],[22.40717,55.96181],[22.41828,55.95454],[22.4193,55.94893],[22.41742,55.94599],[22.42557,55.9425],[22.42866,55.93535],[22.44213,55.93867],[22.45377,55.93792],[22.4536,55.94218],[22.45774,55.94875],[22.45602,55.95165],[22.44657,55.94793],[22.43654,55.94826],[22.42922,55.95131],[22.41765,55.96014],[22.4165,55.96866],[22.41798,55.9716],[22.41537,55.97674]]],[[[24.64266,55.99378],[24.64048,55.98323],[24.63562,55.97967],[24.62878,55.97791],[24.61917,55.9784],[24.61281,55.98113],[24.60966,55.98496],[24.61014,55.9899],[24.60374,55.99061],[24.59531,55.9893],[24.60167,55.9859],[24.6056,55.98117],[24.60645,55.95915],[24.59869,55.94886],[24.60829,55.94836],[24.61903,55.94404],[24.63939,55.94124],[24.64392,55.94886],[24.64516,55.97535],[24.65103,55.99082],[24.65104,55.99171],[24.64266,55.99378]]],[[[24.09921,55.95926],[24.09559,55.95207],[24.08958,55.94916],[24.08757,55.94377],[24.08996,55.94152],[24.09517,55.94152],[24.09717,55.94376],[24.10358,55.94645],[24.11599,55.94667],[24.1172,55.94824],[24.12043,55.95744],[24.11562,55.95834],[24.10521,55.95768],[24.09921,55.95926]]],[[[25.67512,55.94207],[25.65931,55.93734],[25.64238,55.93443],[25.66413,55.92829],[25.66781,55.93027],[25.67466,55.9313],[25.67908,55.94089],[25.67512,55.94207]]],[[[25.2893,55.97793],[25.29678,55.97404],[25.30516,55.97282],[25.31026,55.96985],[25.31203,55.96287],[25.3087,55.95909],[25.30059,55.95603],[25.29217,55.95589],[25.28661,55.95707],[25.28255,55.95532],[25.27863,55.9457],[25.27574,55.94304],[25.26925,55.94041],[25.25645,55.94054],[25.25013,55.9433],[25.24781,55.94579],[25.24341,55.94584],[25.24491,55.94268],[25.24392,55.93662],[25.25106,55.93475],[25.25772,55.93042],[25.25962,55.92748],[25.25902,55.9212],[25.26942,55.92109],[25.27771,55.91786],[25.28369,55.91712],[25.2867,55.92361],[25.29442,55.92712],[25.30562,55.92723],[25.31469,55.92331],[25.32722,55.93867],[25.31088,55.94087],[25.30923,55.93932],[25.30201,55.93894],[25.29696,55.94349],[25.29828,55.94684],[25.30395,55.94903],[25.30485,55.95194],[25.30978,55.95548],[25.31664,55.9572],[25.32625,55.9571],[25.31993,55.95986],[25.31686,55.96372],[25.31743,55.96865],[25.32239,55.97331],[25.2893,55.97793]]],[[[24.42344,55.95408],[24.42136,55.9469],[24.41491,55.94265],[24.40289,55.94157],[24.3977,55.94271],[24.39373,55.94519],[24.38292,55.94523],[24.37489,55.94278],[24.37166,55.93897],[24.39324,55.93688],[24.40559,55.93123],[24.41444,55.93614],[24.42684,55.9361],[24.43559,55.93113],[24.43749,55.92259],[24.44278,55.93043],[24.43123,55.93496],[24.42607,55.9388],[24.42293,55.94375],[24.42344,55.95408]]],[[[22.28914,55.93237],[22.28361,55.93072],[22.2756,55.93083],[22.26983,55.92559],[22.274,55.92183],[22.27461,55.91712],[22.28468,55.91546],[22.29053,55.90993],[22.29692,55.91002],[22.28914,55.93237]]],[[[24.81826,55.94108],[24.80897,55.93665],[24.79615,55.93606],[24.80331,55.934],[24.80804,55.93037],[24.80871,55.92453],[24.80706,55.92184],[24.80977,55.91756],[24.82658,55.91834],[24.81956,55.9267],[24.81826,55.94108]]],[[[25.10097,55.96157],[25.09123,55.95694],[25.10838,55.95476],[25.11472,55.95246],[25.12077,55.95375],[25.13077,55.95366],[25.13594,55.95249],[25.14106,55.94952],[25.14671,55.93779],[25.14529,55.93017],[25.14996,55.92563],[25.14899,55.92003],[25.14125,55.91516],[25.14841,55.91397],[25.15389,55.9101],[25.16188,55.9098],[25.1588,55.91365],[25.15891,55.91746],[25.16427,55.9228],[25.15218,55.93302],[25.14621,55.94768],[25.14157,55.95334],[25.13446,55.95677],[25.12004,55.95645],[25.11007,55.95767],[25.10097,55.96157]]],[[[24.72607,55.93313],[24.71782,55.9197],[24.71016,55.91615],[24.70255,55.91575],[24.70289,55.91215],[24.71052,55.91368],[24.72732,55.91425],[24.7322,55.91849],[24.73823,55.92003],[24.73591,55.92431],[24.73806,55.93238],[24.72607,55.93313]]],[[[25.70353,55.92349],[25.6938,55.9207],[25.69762,55.91661],[25.69702,55.9119],[25.70611,55.90953],[25.71301,55.91168],[25.72141,55.91178],[25.72889,55.90921],[25.76067,55.90449],[25.77047,55.90008],[25.78321,55.899],[25.79689,55.90082],[25.80347,55.90477],[25.79597,55.9069],[25.79062,55.91237],[25.78391,55.91426],[25.77892,55.91883],[25.77666,55.91302],[25.7717,55.9095],[25.76482,55.9078],[25.75803,55.9079],[25.75288,55.90909],[25.74743,55.91232],[25.74556,55.91526],[25.74614,55.9193],[25.73935,55.91939],[25.73184,55.92152],[25.71223,55.92135],[25.70353,55.92349]]],[[[24.59918,55.92909],[24.59317,55.92822],[24.58589,55.92309],[24.58221,55.91772],[24.57697,55.91505],[24.57885,55.90673],[24.58644,55.90647],[24.58851,55.91118],[24.59616,55.91473],[24.60577,55.91514],[24.61055,55.91421],[24.61938,55.91642],[24.61226,55.92117],[24.61154,55.92611],[24.59918,55.92909]]],[[[23.72994,55.92419],[23.72157,55.91901],[23.73,55.91476],[23.73364,55.90893],[23.73965,55.90782],[23.74526,55.90468],[23.74524,55.90918],[23.74879,55.91525],[23.74319,55.91681],[23.72994,55.92419]]],[[[24.09992,55.9231],[24.08672,55.92288],[24.08671,55.91862],[24.0835,55.9148],[24.0795,55.91278],[24.0727,55.91166],[24.08228,55.9011],[24.09587,55.90266],[24.09992,55.9231]]],[[[24.54339,55.91565],[24.53564,55.90446],[24.52679,55.90068],[24.52995,55.89752],[24.54988,55.89406],[24.54339,55.91565]]],[[[21.49591,55.89655],[21.49083,55.89465],[21.48004,55.89466],[21.47851,55.8935],[21.4739,55.88442],[21.47349,55.87857],[21.49885,55.86943],[21.50445,55.86932],[21.50616,55.87385],[21.51431,55.87761],[21.51217,55.89239],[21.50312,55.89625],[21.49591,55.89655]]],[[[22.39192,55.90456],[22.38374,55.89951],[22.39392,55.89492],[22.39998,55.88377],[22.4062,55.8879],[22.41614,55.88915],[22.4224,55.89237],[22.42918,55.89291],[22.4334,55.89723],[22.4288,55.90234],[22.42615,55.89848],[22.41987,55.89571],[22.40308,55.89572],[22.39534,55.89921],[22.39192,55.90456]]],[[[26.01698,55.89674],[26.00427,55.89066],[25.98979,55.88887],[25.9881,55.8871],[25.99204,55.88591],[25.99934,55.88804],[26.0093,55.88743],[26.0167,55.88371],[26.01886,55.87896],[26.02577,55.88132],[26.03417,55.88141],[26.04086,55.8795],[26.04544,55.87538],[26.05413,55.87344],[26.05391,55.87681],[26.04251,55.88037],[26.03366,55.88703],[26.03196,55.89267],[26.01698,55.89674]]],[[[26.10473,55.88561],[26.10755,55.87118],[26.12641,55.87266],[26.13546,55.87744],[26.13431,55.87836],[26.11999,55.87951],[26.11773,55.88202],[26.11109,55.88483],[26.10473,55.88561]]],[[[22.17958,55.92204],[22.15521,55.92145],[22.14498,55.91793],[22.13818,55.91783],[22.1313,55.91952],[22.13142,55.91705],[22.13887,55.91177],[22.14126,55.90372],[22.14626,55.89931],[22.15402,55.89605],[22.15914,55.88917],[22.16688,55.88614],[22.18183,55.874],[22.19119,55.87032],[22.19807,55.87716],[22.19909,55.881],[22.17651,55.88516],[22.16588,55.89039],[22.15963,55.89569],[22.15948,55.90737],[22.16134,55.91031],[22.16915,55.91425],[22.18033,55.91464],[22.17958,55.92204]]],[[[22.78816,55.90438],[22.77798,55.89731],[22.78853,55.89248],[22.79103,55.88913],[22.79078,55.88441],[22.78572,55.88009],[22.77659,55.87798],[22.79177,55.87836],[22.80703,55.87559],[22.80163,55.88227],[22.80137,55.8908],[22.80441,55.896],[22.79595,55.89794],[22.79066,55.90103],[22.78816,55.90438]]],[[[25.95755,55.87568],[25.95544,55.87347],[25.94892,55.87088],[25.92085,55.86885],[25.91434,55.86648],[25.93949,55.86609],[25.95258,55.86431],[25.96519,55.86074],[25.97087,55.85458],[25.97953,55.86006],[25.97963,55.86208],[25.97573,55.86394],[25.97625,55.86618],[25.9711,55.86716],[25.97284,55.86982],[25.96612,55.87128],[25.96345,55.87379],[25.95755,55.87568]]],[[[22.51566,55.87871],[22.49227,55.8636],[22.49833,55.86188],[22.50368,55.85767],[22.50706,55.86333],[22.51966,55.86797],[22.51566,55.87871]]],[[[22.05161,55.8655],[22.0421,55.86377],[22.03059,55.8546],[22.01908,55.85307],[22.0292,55.85031],[22.0404,55.85004],[22.04632,55.85149],[22.05783,55.86088],[22.05161,55.8655]]],[[[22.28387,55.87053],[22.27232,55.86969],[22.27403,55.86724],[22.2733,55.85668],[22.29169,55.85604],[22.3059,55.85084],[22.3154,55.85277],[22.31193,55.85901],[22.29741,55.8624],[22.28387,55.87053]]],[[[25.17272,55.88454],[25.16976,55.8794],[25.16408,55.87631],[25.15805,55.87502],[25.13606,55.87455],[25.13351,55.86919],[25.12861,55.86564],[25.11738,55.86394],[25.10489,55.86024],[25.10636,55.85551],[25.1163,55.85429],[25.14846,55.86164],[25.14858,55.86545],[25.15188,55.86924],[25.15835,55.87187],[25.17039,55.87356],[25.17096,55.87917],[25.17666,55.88271],[25.17272,55.88454]]],[[[24.70852,55.8919],[24.69132,55.89133],[24.6825,55.88981],[24.67092,55.88987],[24.66614,55.89102],[24.66453,55.89035],[24.66568,55.88765],[24.67927,55.8878],[24.6917,55.88998],[24.70408,55.88946],[24.7132,55.88559],[24.7163,55.88018],[24.72188,55.8797],[24.72822,55.87697],[24.73135,55.87313],[24.73086,55.86842],[24.72559,55.86418],[24.71596,55.86199],[24.71627,55.85727],[24.72756,55.86282],[24.73758,55.86478],[24.74516,55.86451],[24.74798,55.86584],[24.75363,55.86873],[24.75659,55.87725],[24.74856,55.87527],[24.7362,55.87647],[24.73067,55.87965],[24.72678,55.88529],[24.71641,55.88647],[24.70852,55.8919]]],[[[24.53482,55.87392],[24.52961,55.87259],[24.49802,55.87025],[24.4976,55.86868],[24.50631,55.86303],[24.50984,55.85785],[24.51381,55.85626],[24.53068,55.86338],[24.53473,55.86763],[24.54117,55.87074],[24.53482,55.87392]]],[[[22.07348,55.89167],[22.06758,55.88978],[22.05918,55.88988],[22.0582,55.88537],[22.08842,55.87236],[22.09136,55.86949],[22.09194,55.86568],[22.09692,55.86194],[22.10702,55.85962],[22.12048,55.85376],[22.12341,55.85089],[22.12399,55.8473],[22.13015,55.84358],[22.13703,55.84166],[22.14178,55.84263],[22.15896,55.84222],[22.16364,55.85307],[22.1595,55.85615],[22.15346,55.86572],[22.14392,55.87299],[22.13701,55.87558],[22.12952,55.87344],[22.11874,55.87328],[22.08701,55.87661],[22.07957,55.88166],[22.07348,55.89167]]],[[[24.20885,55.8731],[24.18768,55.87426],[24.18804,55.86707],[24.18243,55.86192],[24.17563,55.86013],[24.16884,55.86014],[24.16366,55.86127],[24.15808,55.86465],[24.15885,55.85813],[24.17522,55.85789],[24.18359,55.85518],[24.18442,55.86191],[24.19084,55.86617],[24.19603,55.86729],[24.21401,55.86748],[24.20885,55.8731]]],[[[25.43966,55.87385],[25.42991,55.86947],[25.41992,55.86936],[25.41825,55.86736],[25.41917,55.85971],[25.43599,55.85008],[25.46096,55.84529],[25.46123,55.85225],[25.44471,55.85919],[25.43929,55.86374],[25.43966,55.87385]]],[[[21.89502,55.85056],[21.8946,55.84359],[21.90262,55.83542],[21.91505,55.8345],[21.93094,55.8359],[21.9403,55.8401],[21.95407,55.84392],[21.95277,55.84592],[21.93938,55.84997],[21.92596,55.83941],[21.91928,55.8375],[21.9125,55.83738],[21.90562,55.83906],[21.90064,55.84257],[21.89954,55.84817],[21.901,55.85066],[21.89502,55.85056]]],[[[22.55424,55.8621],[22.55878,55.85811],[22.5611,55.84937],[22.56806,55.84451],[22.56758,55.83597],[22.57639,55.83518],[22.57784,55.83901],[22.57208,55.84389],[22.57383,55.85064],[22.56887,55.85508],[22.56947,55.86048],[22.55424,55.8621]]],[[[22.64391,55.85615],[22.64462,55.84718],[22.65585,55.8455],[22.67013,55.83667],[22.67111,55.83129],[22.66804,55.82767],[22.68273,55.82985],[22.70745,55.83056],[22.70333,55.83433],[22.69663,55.83202],[22.68826,55.8317],[22.68303,55.83277],[22.67775,55.83563],[22.67552,55.84257],[22.68276,55.85253],[22.66478,55.85301],[22.64391,55.85615]]],[[[24.43809,55.86936],[24.41848,55.86516],[24.40809,55.86497],[24.39645,55.85872],[24.39604,55.85782],[24.40363,55.85802],[24.40881,55.85688],[24.41396,55.85394],[24.41593,55.85102],[24.41507,55.84541],[24.40941,55.83891],[24.40259,55.83534],[24.41018,55.83554],[24.42019,55.83843],[24.42936,55.83817],[24.43699,55.84196],[24.44657,55.84238],[24.45731,55.83874],[24.46082,55.83199],[24.46401,55.83198],[24.47125,55.83645],[24.48728,55.842],[24.4881,55.84357],[24.48374,55.84583],[24.47785,55.85416],[24.46635,55.86094],[24.46198,55.86276],[24.44842,55.86416],[24.43809,55.86936]]],[[[21.55548,55.83305],[21.54938,55.82844],[21.53877,55.82575],[21.52959,55.82579],[21.51422,55.82908],[21.50764,55.8258],[21.4981,55.82516],[21.50205,55.81962],[21.50503,55.81047],[21.51868,55.80917],[21.52571,55.81156],[21.53568,55.81154],[21.55109,55.80758],[21.56232,55.80668],[21.56058,55.80889],[21.56103,55.81451],[21.56559,55.8182],[21.57067,55.81987],[21.58063,55.82007],[21.6041,55.81491],[21.6148,55.81602],[21.61662,55.81897],[21.61161,55.82247],[21.61011,55.82738],[21.59264,55.82592],[21.58739,55.82694],[21.58203,55.82976],[21.57656,55.82785],[21.5678,55.82745],[21.56091,55.82911],[21.55548,55.83305]]],[[[23.27249,55.87383],[23.26292,55.87287],[23.261,55.86904],[23.25665,55.86632],[23.24354,55.8631],[23.24323,55.8586],[23.2389,55.85498],[23.23704,55.84823],[23.24349,55.8449],[23.24558,55.83998],[23.25194,55.84159],[23.25872,55.84163],[23.27358,55.837],[23.27965,55.83232],[23.27937,55.82603],[23.28976,55.82474],[23.29522,55.83196],[23.29276,55.83532],[23.29308,55.84003],[23.30173,55.84705],[23.3017,55.84884],[23.29006,55.85214],[23.27958,55.85747],[23.27198,55.85833],[23.26834,55.86078],[23.26508,55.86435],[23.26542,55.86772],[23.27249,55.87383]]],[[[25.88339,55.82113],[25.86085,55.80867],[25.86041,55.80778],[25.87161,55.80851],[25.87673,55.80708],[25.88986,55.80643],[25.89455,55.81265],[25.90151,55.81636],[25.88339,55.82113]]],[[[23.96759,55.84633],[23.95961,55.84161],[23.96002,55.83712],[23.95683,55.8333],[23.95045,55.8306],[23.94247,55.83015],[23.94806,55.82633],[23.95406,55.81488],[23.95845,55.81421],[23.96363,55.81803],[23.97478,55.83712],[23.9688,55.84116],[23.96759,55.84633]]],[[[24.6248,55.8553],[24.61718,55.85332],[24.6016,55.85272],[24.5621,55.85471],[24.5593,55.85427],[24.55406,55.85025],[24.53881,55.8447],[24.53477,55.84113],[24.53792,55.83819],[24.53944,55.83235],[24.54699,55.83052],[24.55214,55.82757],[24.55409,55.82465],[24.5524,55.81814],[24.5607,55.81294],[24.56749,55.81336],[24.56806,55.82503],[24.58013,55.83194],[24.58935,55.83459],[24.6021,55.8334],[24.60894,55.83696],[24.62215,55.83937],[24.63229,55.8492],[24.63793,55.85231],[24.64314,55.85341],[24.65432,55.85335],[24.65233,55.85426],[24.63356,55.85368],[24.6248,55.8553]]],[[[24.50824,55.82731],[24.49303,55.82289],[24.49059,55.8193],[24.48496,55.81618],[24.47337,55.81398],[24.47971,55.81059],[24.5009,55.81454],[24.5102,55.82416],[24.50824,55.82731]]],[[[26.1133,55.80796],[26.10958,55.80555],[26.11855,55.80181],[26.12844,55.79287],[26.13612,55.79476],[26.15673,55.79261],[26.15643,55.79441],[26.14713,55.79929],[26.13687,55.80126],[26.13104,55.80406],[26.12704,55.80391],[26.12007,55.80762],[26.11643,55.80679],[26.1133,55.80796]]],[[[25.2292,55.85097],[25.21321,55.85023],[25.21417,55.84259],[25.22566,55.84],[25.23108,55.83478],[25.22884,55.82694],[25.22394,55.8234],[25.21951,55.8221],[25.21894,55.81649],[25.226,55.81282],[25.23273,55.81118],[25.25418,55.80827],[25.26123,55.80438],[25.2666,55.79781],[25.26672,55.8014],[25.27003,55.80519],[25.27408,55.80717],[25.2813,55.80822],[25.28087,55.81945],[25.27863,55.82419],[25.27358,55.82829],[25.26721,55.8288],[25.26091,55.83156],[25.25784,55.83541],[25.25838,55.83967],[25.24764,55.8409],[25.23581,55.84552],[25.2292,55.85097]]],[[[22.28602,55.8126],[22.27484,55.80369],[22.28956,55.79558],[22.29714,55.79546],[22.31726,55.79125],[22.31721,55.79237],[22.30995,55.79429],[22.303,55.79824],[22.29831,55.80514],[22.29102,55.80773],[22.28602,55.8126]]],[[[23.33815,55.8185],[23.33743,55.81378],[23.33191,55.80993],[23.332,55.80499],[23.33961,55.80279],[23.34648,55.79743],[23.35321,55.80039],[23.36077,55.80088],[23.34493,55.81831],[23.33815,55.8185]]],[[[22.94173,55.8146],[22.93777,55.81345],[22.92839,55.80663],[22.91492,55.80337],[22.91777,55.80114],[22.92941,55.79855],[22.9392,55.79033],[22.95539,55.78126],[22.96569,55.79841],[22.95762,55.80194],[22.94173,55.8146]]],[[[21.89049,55.7941],[21.88139,55.79282],[21.87414,55.78685],[21.8616,55.78282],[21.85207,55.7822],[21.84723,55.78324],[21.84649,55.7821],[21.85341,55.77953],[21.86294,55.78014],[21.86981,55.77847],[21.88815,55.76373],[21.89558,55.76633],[21.89454,55.77081],[21.88723,55.77338],[21.88384,55.77714],[21.88647,55.78729],[21.89302,55.79167],[21.89049,55.7941]]],[[[22.41948,55.80698],[22.41758,55.80471],[22.40469,55.79803],[22.404,55.79532],[22.39937,55.79167],[22.39029,55.78953],[22.3811,55.78986],[22.37934,55.78444],[22.36993,55.7805],[22.36153,55.77185],[22.36687,55.76788],[22.37357,55.76977],[22.38313,55.76989],[22.37461,55.77338],[22.37373,55.77539],[22.39118,55.77764],[22.39888,55.78403],[22.41776,55.79034],[22.42749,55.7963],[22.4354,55.79797],[22.41948,55.80698]]],[[[25.11421,55.80894],[25.11138,55.80785],[25.11769,55.80509],[25.12077,55.80125],[25.12023,55.79654],[25.11533,55.79231],[25.12783,55.78366],[25.12919,55.77534],[25.14262,55.7714],[25.14319,55.79093],[25.13733,55.79503],[25.1359,55.80066],[25.11421,55.80894]]],[[[23.43202,55.78236],[23.41648,55.78184],[23.41174,55.7789],[23.40658,55.77797],[23.40902,55.77462],[23.42581,55.7711],[23.44175,55.7705],[23.43291,55.77608],[23.43202,55.78236]]],[[[21.62714,55.77065],[21.62019,55.76692],[21.60949,55.76604],[21.60372,55.76256],[21.60444,55.7574],[21.59969,55.75035],[21.60698,55.74847],[21.60716,55.75207],[21.60976,55.75504],[21.61596,55.75785],[21.6223,55.75843],[21.62244,55.7627],[21.62714,55.77065]]],[[[22.90389,55.7844],[22.90073,55.78325],[22.90155,55.76843],[22.90315,55.768],[22.91104,55.77076],[22.91821,55.77083],[22.92503,55.76909],[22.92993,55.76487],[22.93469,55.76581],[22.92492,55.77336],[22.91563,55.77777],[22.90909,55.78355],[22.90389,55.7844]]],[[[25.22659,55.7935],[25.22411,55.79061],[25.21477,55.78531],[25.21341,55.77993],[25.20806,55.77437],[25.20159,55.77129],[25.19904,55.76615],[25.19968,55.7612],[25.21255,55.76489],[25.22895,55.76697],[25.2323,55.77233],[25.23876,55.77496],[25.24395,55.77536],[25.24574,55.7814],[25.24222,55.78346],[25.23533,55.79251],[25.22659,55.7935]]],[[[22.24828,55.79141],[22.24322,55.78864],[22.23414,55.78671],[22.20939,55.78748],[22.20213,55.78917],[22.20035,55.78465],[22.20369,55.78133],[22.21048,55.78098],[22.21698,55.77838],[22.22868,55.76642],[22.22973,55.76082],[22.22752,55.75674],[22.23009,55.75296],[22.23648,55.75238],[22.24122,55.75334],[22.23,55.76374],[22.22982,55.76756],[22.23284,55.77142],[22.24185,55.77469],[22.25063,55.77459],[22.25872,55.77179],[22.25763,55.78727],[22.25514,55.78948],[22.24828,55.79141]]],[[[22.71746,55.7689],[22.71475,55.76662],[22.72985,55.75555],[22.75213,55.75623],[22.75894,55.75495],[22.76244,55.75768],[22.76796,55.75931],[22.75632,55.76233],[22.7462,55.76717],[22.7259,55.76651],[22.71746,55.7689]]],[[[25.00232,55.8007],[24.99033,55.79945],[24.99498,55.79402],[24.99718,55.78682],[24.99624,55.78121],[24.98976,55.77699],[24.98455,55.77591],[24.97381,55.77667],[24.96511,55.77921],[24.95966,55.78464],[24.95091,55.78516],[24.94142,55.78838],[24.93576,55.78505],[24.92995,55.77566],[24.94307,55.77444],[24.95249,55.76853],[24.9548,55.76492],[24.96562,55.76775],[24.98078,55.76831],[24.99665,55.76571],[25.00965,55.76021],[25.02587,55.75581],[25.03318,55.76114],[25.04597,55.76305],[25.0358,55.76988],[25.03234,55.77485],[25.0321,55.78091],[25.03542,55.7856],[25.02867,55.78678],[25.02474,55.78883],[25.01345,55.79926],[25.00232,55.8007]]],[[[22.43748,55.77576],[22.42057,55.77016],[22.41574,55.76156],[22.40683,55.75538],[22.39142,55.75226],[22.39632,55.7494],[22.40754,55.74775],[22.41246,55.74422],[22.4134,55.74064],[22.42491,55.74169],[22.43298,55.74898],[22.4474,55.7568],[22.45252,55.75821],[22.45517,55.76184],[22.46456,55.76622],[22.46369,55.76801],[22.45692,55.76792],[22.44968,55.76963],[22.44934,55.76805],[22.44735,55.76803],[22.44827,55.76512],[22.44277,55.76303],[22.44284,55.76123],[22.43566,55.76159],[22.4342,55.7582],[22.42784,55.7579],[22.42858,55.75925],[22.43333,55.75999],[22.43083,55.76288],[22.4335,55.76561],[22.43227,55.76671],[22.43823,55.76701],[22.44094,55.76907],[22.43748,55.77576]]],[[[25.96881,55.76656],[25.95949,55.76334],[25.96532,55.76055],[25.96831,55.75668],[25.96793,55.74905],[25.96136,55.73725],[25.96717,55.73401],[25.97314,55.73392],[25.98338,55.73173],[25.98957,55.72826],[25.99338,55.73269],[25.99466,55.7421],[25.98548,55.7418],[25.97721,55.74351],[25.9718,55.74674],[25.96995,55.74969],[25.97015,55.75351],[25.97352,55.75727],[25.98003,55.75986],[25.98882,55.76039],[25.9861,55.76179],[25.97422,55.7631],[25.96881,55.76656]]],[[[24.6687,55.76119],[24.66426,55.75762],[24.65826,55.75586],[24.66339,55.75313],[24.66533,55.7502],[24.66485,55.74549],[24.65999,55.74035],[24.66992,55.73895],[24.68438,55.74628],[24.68841,55.74918],[24.69047,55.75343],[24.6953,55.7561],[24.69414,55.75813],[24.67821,55.75799],[24.6687,55.76119]]],[[[23.36314,55.75372],[23.35642,55.75054],[23.3473,55.74825],[23.33946,55.74102],[23.34188,55.73901],[23.34703,55.74061],[23.36173,55.74226],[23.36845,55.74567],[23.37118,55.74927],[23.36753,55.75307],[23.36314,55.75372]]],[[[24.97435,55.75016],[24.96223,55.7433],[24.97041,55.73582],[24.97956,55.73575],[24.9878,55.74691],[24.98348,55.74897],[24.97435,55.75016]]],[[[24.58092,55.77803],[24.58044,55.77197],[24.58357,55.76859],[24.58351,55.76454],[24.58148,55.76163],[24.57626,55.75874],[24.51402,55.75116],[24.51877,55.74844],[24.5207,55.74416],[24.52586,55.7428],[24.53058,55.73896],[24.53814,55.73825],[24.54295,55.74115],[24.54814,55.74225],[24.56802,55.74036],[24.58747,55.73645],[24.615,55.74036],[24.62693,55.73963],[24.62624,55.74637],[24.61868,55.74618],[24.61034,55.74802],[24.60166,55.753],[24.60058,55.76042],[24.60713,55.77184],[24.60198,55.77389],[24.58092,55.77803]]],[[[23.57465,55.74992],[23.55635,55.74851],[23.54559,55.74892],[23.54402,55.74712],[23.54923,55.74444],[23.55125,55.74153],[23.55091,55.73681],[23.55848,55.73572],[23.57916,55.73781],[23.57665,55.74881],[23.57465,55.74992]]],[[[21.85735,55.7295],[21.85067,55.72804],[21.84192,55.72788],[21.8431,55.72094],[21.83784,55.71523],[21.87141,55.71986],[21.87167,55.72975],[21.85735,55.7295]]],[[[21.7784,55.74585],[21.77716,55.73953],[21.7839,55.73314],[21.78459,55.72799],[21.77931,55.72272],[21.7711,55.7201],[21.77088,55.71696],[21.78898,55.71369],[21.80657,55.71221],[21.80526,55.72139],[21.80742,55.72548],[21.8105,55.72733],[21.81058,55.74013],[21.80234,55.73797],[21.79197,55.73823],[21.78545,55.74081],[21.78248,55.74412],[21.7784,55.74585]]],[[[22.52308,55.73572],[22.52202,55.73211],[22.51739,55.72846],[22.50672,55.72631],[22.5231,55.72471],[22.52958,55.72164],[22.5375,55.72264],[22.54053,55.72694],[22.54182,55.73504],[22.52308,55.73572]]],[[[22.00553,55.73559],[22.00406,55.7331],[21.99903,55.73032],[22.00038,55.7272],[22.00551,55.72818],[22.01587,55.7279],[22.02237,55.72531],[22.02575,55.72154],[22.0241,55.71478],[22.01554,55.71082],[22.01255,55.70718],[22.03001,55.70005],[22.03835,55.7004],[22.03645,55.70644],[22.03813,55.71276],[22.04076,55.71572],[22.04621,55.71828],[22.0469,55.72031],[22.04081,55.72268],[22.0374,55.72734],[22.03129,55.72994],[22.01411,55.73124],[22.00553,55.73559]]],[[[24.88203,55.73559],[24.87279,55.73184],[24.86038,55.72878],[24.84086,55.72779],[24.83373,55.72941],[24.82732,55.72743],[24.82808,55.72586],[24.83795,55.72197],[24.85866,55.70454],[24.86184,55.70474],[24.86475,55.71033],[24.85769,55.71465],[24.85701,55.72004],[24.86027,55.72384],[24.8667,55.72649],[24.88023,55.72639],[24.8905,55.72317],[24.89597,55.71842],[24.91661,55.71624],[24.90129,55.72512],[24.89592,55.73392],[24.88836,55.73397],[24.88203,55.73559]]],[[[24.48575,55.71938],[24.49089,55.71644],[24.49283,55.71239],[24.50272,55.70808],[24.50585,55.70402],[24.51457,55.70219],[24.51699,55.70465],[24.52379,55.70732],[24.52274,55.71833],[24.49329,55.71755],[24.48575,55.71938]]],[[[22.15449,55.70894],[22.15026,55.70596],[22.148,55.69492],[22.15478,55.69435],[22.16168,55.69153],[22.16798,55.68444],[22.16856,55.6804],[22.17809,55.68077],[22.18291,55.67972],[22.18135,55.68755],[22.17583,55.69511],[22.17656,55.70501],[22.16819,55.70533],[22.15449,55.70894]]],[[[22.23977,55.70593],[22.2363,55.70341],[22.23155,55.69413],[22.21676,55.68718],[22.21474,55.67906],[22.23298,55.68022],[22.24121,55.68281],[22.24796,55.68291],[22.25399,55.68142],[22.25783,55.68462],[22.2585,55.68733],[22.24732,55.68829],[22.24077,55.69246],[22.23977,55.70593]]],[[[23.47156,55.7466],[23.45609,55.74227],[23.45178,55.73708],[23.44267,55.7339],[23.43032,55.73496],[23.42388,55.73965],[23.3992,55.73953],[23.39215,55.73209],[23.38662,55.72914],[23.39147,55.72445],[23.3908,55.71658],[23.38411,55.71183],[23.36753,55.70366],[23.36165,55.69869],[23.36212,55.69443],[23.3781,55.68957],[23.38483,55.69117],[23.40947,55.69242],[23.4162,55.69402],[23.42366,55.70035],[23.41841,55.70594],[23.4203,55.71268],[23.42543,55.71563],[23.43058,55.71677],[23.43934,55.71659],[23.44693,55.71415],[23.45242,55.72002],[23.45074,55.7263],[23.45269,55.72923],[23.45822,55.73239],[23.46457,55.73355],[23.47008,55.73851],[23.47841,55.74034],[23.47875,55.74484],[23.47156,55.7466]]],[[[22.52531,55.70834],[22.52098,55.70717],[22.50865,55.70702],[22.51477,55.70305],[22.51577,55.69767],[22.51389,55.69473],[22.50883,55.69175],[22.50371,55.69056],[22.48502,55.69056],[22.49886,55.68219],[22.50286,55.68156],[22.51344,55.68551],[22.52938,55.68481],[22.53688,55.68624],[22.53384,55.7035],[22.52531,55.70834]]],[[[25.7302,55.6958],[25.73244,55.69262],[25.7313,55.68477],[25.72505,55.67835],[25.71732,55.67419],[25.7281,55.67539],[25.73144,55.67893],[25.73792,55.68154],[25.75458,55.68085],[25.75158,55.68471],[25.75176,55.68875],[25.75511,55.69252],[25.74201,55.69316],[25.7302,55.6958]]],[[[23.29975,55.77966],[23.29261,55.77782],[23.2863,55.77441],[23.2844,55.76924],[23.27927,55.76629],[23.27451,55.76536],[23.25454,55.74727],[23.24665,55.74318],[23.2243,55.7262],[23.22602,55.7197],[23.22409,55.71676],[23.21936,55.71426],[23.22141,55.71113],[23.22111,55.70619],[23.21687,55.69965],[23.21018,55.69624],[23.21707,55.68954],[23.2168,55.68325],[23.22349,55.68644],[23.22061,55.69136],[23.22052,55.69585],[23.2236,55.70126],[23.24038,55.71777],[23.26995,55.73209],[23.28497,55.73802],[23.29449,55.73987],[23.30001,55.74282],[23.30037,55.74485],[23.28923,55.74456],[23.28161,55.74744],[23.27836,55.75123],[23.27828,55.75528],[23.29975,55.77966]]],[[[25.19495,55.73676],[25.18577,55.73573],[25.17412,55.73225],[25.19367,55.72083],[25.19545,55.71407],[25.17322,55.68913],[25.17145,55.68308],[25.17907,55.68526],[25.19857,55.68597],[25.20527,55.6841],[25.21304,55.67819],[25.24438,55.68865],[25.26355,55.69138],[25.28567,55.69901],[25.28942,55.70391],[25.28353,55.70644],[25.28085,55.70962],[25.27482,55.70766],[25.26646,55.70752],[25.26133,55.7087],[25.25586,55.7119],[25.25397,55.71484],[25.25619,55.72223],[25.19495,55.73676]]],[[[21.99139,55.69313],[21.98401,55.68964],[21.9709,55.68942],[21.98383,55.66987],[21.98871,55.6677],[22.01454,55.6679],[22.015,55.67442],[22.01083,55.6784],[22.00203,55.67938],[21.99672,55.68221],[21.99458,55.68509],[21.99623,55.69164],[21.99139,55.69313]]],[[[25.08587,55.73665],[25.0702,55.7314],[25.06166,55.72451],[25.05359,55.72031],[25.05106,55.71517],[25.05701,55.71467],[25.0783,55.7073],[25.08581,55.70588],[25.08401,55.71264],[25.08973,55.71775],[25.09654,55.71949],[25.1037,55.71942],[25.1112,55.71733],[25.12052,55.70939],[25.12116,55.70399],[25.11663,55.69842],[25.1164,55.69056],[25.10749,55.68458],[25.10228,55.68305],[25.11539,55.68271],[25.1367,55.67757],[25.14237,55.69459],[25.15887,55.71487],[25.14635,55.72195],[25.14404,55.72467],[25.13762,55.72293],[25.12253,55.72397],[25.1089,55.72027],[25.0962,55.72151],[25.08957,55.72629],[25.08587,55.73665]]],[[[23.07705,55.70923],[23.07235,55.70628],[23.06482,55.7051],[23.06128,55.70328],[23.06744,55.69524],[23.07502,55.69417],[23.08148,55.68995],[23.08133,55.67917],[23.09643,55.67973],[23.09551,55.68489],[23.10057,55.68987],[23.08744,55.69022],[23.07899,55.6942],[23.07694,55.69711],[23.07705,55.70923]]],[[[26.48545,55.66957],[26.47204,55.6649],[26.47309,55.65634],[26.47082,55.65189],[26.47279,55.65163],[26.47818,55.65512],[26.49034,55.65891],[26.49706,55.66462],[26.49597,55.66621],[26.48545,55.66957]]],[[[26.14712,55.68315],[26.12541,55.67139],[26.11689,55.66817],[26.12182,55.66382],[26.12109,55.65754],[26.14016,55.66485],[26.15022,55.66714],[26.15759,55.67106],[26.1644,55.67925],[26.1541,55.67988],[26.14712,55.68315]]],[[[21.68865,55.66736],[21.68462,55.66144],[21.67729,55.65771],[21.66779,55.65708],[21.64895,55.65986],[21.64681,55.65578],[21.66495,55.65141],[21.6771,55.65433],[21.69465,55.65309],[21.68879,55.65815],[21.68853,55.66264],[21.69111,55.66606],[21.68865,55.66736]]],[[[23.86716,55.68321],[23.85802,55.6814],[23.85446,55.67758],[23.86282,55.67355],[23.86482,55.66749],[23.89936,55.68054],[23.89657,55.68211],[23.88864,55.67829],[23.8787,55.67783],[23.87194,55.67962],[23.86716,55.68321]]],[[[23.44462,55.68113],[23.43589,55.67996],[23.43238,55.67523],[23.44711,55.6735],[23.45834,55.66614],[23.47019,55.67158],[23.46571,55.67942],[23.44462,55.68113]]],[[[24.62304,55.72033],[24.61864,55.71856],[24.61818,55.71452],[24.61534,55.71161],[24.60813,55.70828],[24.60175,55.70719],[24.60282,55.69887],[24.59999,55.69596],[24.59279,55.6933],[24.58992,55.68748],[24.59103,55.68208],[24.59689,55.67532],[24.5999,55.66452],[24.60665,55.66426],[24.60635,55.67033],[24.60918,55.67324],[24.61518,55.67568],[24.61732,55.68532],[24.62214,55.68889],[24.62733,55.69021],[24.62989,55.70098],[24.63519,55.70904],[24.64041,55.71193],[24.6456,55.71303],[24.65276,55.71299],[24.6595,55.71116],[24.66872,55.71537],[24.66958,55.71919],[24.63018,55.71872],[24.62304,55.72033]]],[[[23.58726,55.6873],[23.5837,55.68527],[23.57695,55.68412],[23.57263,55.67939],[23.57351,55.67154],[23.57038,55.66681],[23.57556,55.66593],[23.57996,55.66347],[23.59104,55.668],[23.58726,55.6873]]],[[[25.97277,55.66338],[25.96112,55.66088],[25.95313,55.6601],[25.94481,55.66046],[25.93856,55.66281],[25.9435,55.65824],[25.95088,55.65475],[25.95272,55.6518],[25.95209,55.64709],[25.95714,55.64477],[25.96477,55.64644],[25.96851,55.64975],[25.97367,55.64967],[25.97716,55.64804],[25.9844,55.64972],[25.98526,55.65105],[25.98637,55.64946],[25.98318,55.64929],[25.98593,55.64857],[25.98344,55.64659],[25.9939,55.64912],[25.99168,55.6523],[25.9923,55.65678],[25.9816,55.65718],[25.97538,55.65997],[25.97277,55.66338]],[[25.9841,55.65175],[25.98452,55.65219],[25.9845,55.65174],[25.9841,55.65175]],[[25.98448,55.65129],[25.9849,55.65173],[25.98487,55.65128],[25.98448,55.65129]]],[[[26.19894,55.67122],[26.18997,55.66711],[26.18112,55.65806],[26.16805,55.65178],[26.15595,55.6484],[26.15749,55.64747],[26.16629,55.64866],[26.16411,55.64511],[26.16212,55.64514],[26.1618,55.6465],[26.15613,55.64457],[26.15482,55.64235],[26.14928,55.64267],[26.14758,55.64068],[26.14232,55.63898],[26.13839,55.63972],[26.13845,55.64084],[26.14122,55.64057],[26.13931,55.64195],[26.13472,55.63798],[26.15545,55.63942],[26.16324,55.63659],[26.1755,55.6357],[26.17917,55.63743],[26.18148,55.63604],[26.18985,55.64375],[26.19433,55.64569],[26.20191,55.64623],[26.20365,55.6489],[26.2118,55.65257],[26.21034,55.65484],[26.20642,55.65581],[26.20428,55.66012],[26.20535,55.66504],[26.19894,55.67122]]],[[[24.84759,55.67115],[24.84468,55.6651],[24.84935,55.66058],[24.85004,55.65563],[24.86036,55.65534],[24.86945,55.65303],[24.87494,55.65007],[24.867,55.66832],[24.85707,55.66816],[24.84759,55.67115]]],[[[23.54002,55.68062],[23.53729,55.67679],[23.53175,55.67453],[23.52982,55.66935],[23.5243,55.66641],[23.52438,55.65968],[23.53435,55.65635],[23.53757,55.65254],[23.53762,55.64872],[23.54081,55.64761],[23.54831,55.65168],[23.53625,55.66376],[23.53658,55.66938],[23.54128,55.67501],[23.54002,55.68062]]],[[[26.21019,55.638],[26.19895,55.63595],[26.19808,55.63462],[26.18986,55.63679],[26.17978,55.63405],[26.18315,55.63039],[26.18326,55.62522],[26.18807,55.62604],[26.18898,55.62804],[26.19378,55.62863],[26.20092,55.6285],[26.20438,55.62664],[26.21914,55.62772],[26.23207,55.63176],[26.22544,55.6339],[26.22146,55.63375],[26.22,55.63602],[26.21019,55.638]]],[[[23.96496,55.67205],[23.96297,55.67092],[23.97132,55.66351],[23.9749,55.66059],[23.98523,55.657],[23.9896,55.65071],[23.99556,55.65184],[24.00509,55.65139],[24.01145,55.64869],[24.01422,55.6451],[24.02098,55.6442],[24.01105,55.66531],[24.01145,55.67003],[24.0043,55.66981],[24.0035,55.66442],[23.99715,55.66015],[23.98523,55.65902],[23.97847,55.66082],[23.96933,55.66621],[23.96496,55.67205]]],[[[24.04602,55.66239],[24.04998,55.65362],[24.05673,55.65205],[24.06149,55.64845],[24.06346,55.64194],[24.07857,55.64844],[24.08056,55.65204],[24.0774,55.65878],[24.04602,55.66239]]],[[[25.76233,55.6585],[25.75648,55.65207],[25.74019,55.64309],[25.74835,55.63916],[25.75544,55.62895],[25.76114,55.63201],[25.76834,55.63326],[25.7695,55.64133],[25.77369,55.64621],[25.77399,55.65294],[25.76732,55.65461],[25.76233,55.6585]]],[[[25.42069,55.64945],[25.42907,55.63947],[25.43915,55.63284],[25.44749,55.63297],[25.4543,55.63446],[25.47175,55.6338],[25.45993,55.63642],[25.45374,55.64076],[25.44188,55.64224],[25.43569,55.64681],[25.42697,55.64714],[25.42069,55.64945]]],[[[26.40914,55.64391],[26.39971,55.63915],[26.3949,55.63835],[26.39834,55.63626],[26.39506,55.63452],[26.39537,55.63317],[26.40046,55.63195],[26.3957,55.63204],[26.39472,55.62891],[26.39695,55.6264],[26.39488,55.62509],[26.39674,55.62303],[26.39543,55.62104],[26.40288,55.61954],[26.4114,55.62252],[26.42094,55.62278],[26.42872,55.62016],[26.43663,55.61955],[26.44783,55.61461],[26.44841,55.61752],[26.44408,55.62457],[26.44438,55.62928],[26.45279,55.63675],[26.44272,55.641],[26.44009,55.63701],[26.43434,55.63398],[26.42912,55.63296],[26.42001,55.63336],[26.41152,55.63735],[26.40914,55.64391]]],[[[23.91372,55.66034],[23.90895,55.65832],[23.89426,55.65651],[23.87561,55.64975],[23.87324,55.64683],[23.87684,55.6383],[23.90619,55.64888],[23.91135,55.6536],[23.91372,55.66034]]],[[[21.78819,55.64313],[21.78668,55.64176],[21.79318,55.63918],[21.79653,55.63609],[21.79732,55.62914],[21.79985,55.62649],[21.8058,55.6266],[21.81264,55.62493],[21.81927,55.61988],[21.82024,55.61675],[21.82381,55.61681],[21.83781,55.622],[21.84432,55.62639],[21.85374,55.62835],[21.85092,55.63639],[21.8139,55.63798],[21.79868,55.64018],[21.78819,55.64313]]],[[[25.34844,55.65072],[25.33987,55.64407],[25.33109,55.6426],[25.32197,55.64315],[25.31273,55.63988],[25.3115,55.63877],[25.31696,55.63579],[25.31845,55.63285],[25.32744,55.64039],[25.33425,55.64211],[25.341,55.64204],[25.34768,55.64017],[25.35232,55.63653],[25.35292,55.6309],[25.35126,55.62868],[25.35839,55.62837],[25.35702,55.63445],[25.36072,55.63823],[25.35921,55.64049],[25.36018,55.64565],[25.34844,55.65072]]],[[[22.03693,55.63344],[22.03146,55.63178],[22.0207,55.6325],[22.01715,55.62413],[22.03198,55.62123],[22.04992,55.61972],[22.04936,55.62308],[22.04245,55.62634],[22.03693,55.63344]]],[[[24.54263,55.66007],[24.52222,55.64938],[24.51769,55.63705],[24.51168,55.63303],[24.52518,55.6332],[24.52407,55.63904],[24.5273,55.64284],[24.53488,55.64573],[24.54481,55.64569],[24.54529,55.65153],[24.55491,55.658],[24.55374,55.65912],[24.54263,55.66007]]],[[[22.78467,55.6447],[22.77764,55.64103],[22.76894,55.63982],[22.76361,55.63258],[22.75932,55.62984],[22.74672,55.6268],[22.76025,55.62581],[22.77237,55.63177],[22.78861,55.63283],[22.79373,55.63423],[22.81083,55.63327],[22.81928,55.62954],[22.82674,55.63253],[22.81903,55.63785],[22.80577,55.64311],[22.78467,55.6447]]],[[[22.0665,55.6539],[22.06631,55.64154],[22.06929,55.63755],[22.07658,55.63474],[22.0795,55.63187],[22.08223,55.61663],[22.09223,55.61499],[22.09807,55.61733],[22.10718,55.6177],[22.1167,55.62615],[22.1083,55.62737],[22.10216,55.63132],[22.09139,55.63228],[22.08609,55.63511],[22.08396,55.638],[22.08449,55.6434],[22.09258,55.64869],[22.07906,55.64893],[22.0665,55.6539]]],[[[24.979,55.66568],[24.97457,55.66324],[24.97482,55.6574],[24.96955,55.65317],[24.96276,55.65143],[24.95481,55.65149],[24.94889,55.65289],[24.94367,55.65068],[24.94961,55.63357],[24.94951,55.62907],[24.95539,55.62611],[24.96065,55.63033],[24.96907,55.63341],[24.9629,55.6411],[24.96265,55.64716],[24.96471,55.65007],[24.97234,55.6536],[24.98629,55.65529],[24.98083,55.65937],[24.979,55.66568]]],[[[21.53347,55.62569],[21.53096,55.61508],[21.52365,55.61134],[21.51535,55.61072],[21.52467,55.60777],[21.52809,55.60379],[21.5388,55.60401],[21.53707,55.60622],[21.53752,55.61162],[21.54206,55.61531],[21.54866,55.61769],[21.54608,55.62078],[21.54618,55.6255],[21.53749,55.62488],[21.53347,55.62569]]],[[[23.63125,55.65982],[23.62175,55.65575],[23.62304,55.64587],[23.62108,55.64294],[23.61595,55.64001],[23.60881,55.63886],[23.61322,55.63438],[23.6121,55.62764],[23.61369,55.62697],[23.62119,55.63126],[23.6299,55.63399],[23.63585,55.63445],[23.62747,55.6387],[23.62426,55.6425],[23.625,55.6479],[23.6329,55.65241],[23.63723,55.65737],[23.63125,55.65982]]],[[[24.70168,55.64557],[24.70276,55.63949],[24.69952,55.6357],[24.69033,55.6326],[24.67607,55.63403],[24.67247,55.6327],[24.67161,55.62889],[24.66719,55.62554],[24.72473,55.62477],[24.72556,55.62656],[24.72134,55.63445],[24.71077,55.64327],[24.70168,55.64557]]],[[[22.72824,55.65805],[22.72312,55.65665],[22.72537,55.64859],[22.71856,55.63796],[22.7037,55.63107],[22.67993,55.62946],[22.67844,55.62675],[22.68503,55.61964],[22.69081,55.62464],[22.71123,55.63159],[22.72636,55.64253],[22.73781,55.64467],[22.73921,55.6503],[22.74347,55.65394],[22.74023,55.65593],[22.72824,55.65805]]],[[[21.47192,55.6195],[21.47485,55.61102],[21.48409,55.60312],[21.49342,55.59994],[21.50199,55.60866],[21.50704,55.61033],[21.51377,55.61069],[21.5049,55.61276],[21.49946,55.61714],[21.48243,55.61657],[21.47192,55.6195]]],[[[25.03853,55.64789],[25.03208,55.64435],[25.03755,55.64071],[25.0382,55.63532],[25.04363,55.63033],[25.04353,55.62651],[25.03857,55.61937],[25.04048,55.61643],[25.0492,55.63096],[25.06585,55.64474],[25.05831,55.6448],[25.03853,55.64789]]],[[[26.39011,55.63799],[26.38131,55.63704],[26.37781,55.63172],[26.36682,55.62721],[26.37027,55.62512],[26.36626,55.62452],[26.36488,55.62141],[26.35776,55.62177],[26.36059,55.6161],[26.37302,55.60507],[26.37878,55.60182],[26.38167,55.59704],[26.38447,55.59744],[26.39041,55.60384],[26.38969,55.60497],[26.38691,55.60503],[26.38646,55.60414],[26.38404,55.60351],[26.38384,55.60666],[26.38639,55.60953],[26.38174,55.61142],[26.38066,55.61324],[26.38449,55.61743],[26.37885,55.62271],[26.38051,55.6238],[26.38603,55.62324],[26.39097,55.62607],[26.38673,55.62817],[26.38724,55.62996],[26.38126,55.62963],[26.37977,55.63123],[26.38967,55.63081],[26.38956,55.63553],[26.39349,55.63478],[26.39011,55.63799]]],[[[24.80743,55.65053],[24.79504,55.64702],[24.78862,55.64347],[24.77944,55.6415],[24.76873,55.64202],[24.75572,55.64704],[24.74699,55.64732],[24.74697,55.6462],[24.75601,55.6412],[24.76452,55.62947],[24.77161,55.62695],[24.78,55.62959],[24.7919,55.62884],[24.79858,55.62588],[24.80052,55.62362],[24.8088,55.62065],[24.8119,55.61703],[24.81467,55.61679],[24.82268,55.62011],[24.81213,55.62849],[24.81225,55.6341],[24.8179,55.63856],[24.80743,55.65053]]],[[[21.10565,55.63836],[21.10612,55.61051],[21.10307,55.57651],[21.11171,55.57761],[21.11649,55.61525],[21.11426,55.63474],[21.10565,55.63836]]],[[[24.90568,55.62244],[24.89688,55.61936],[24.88619,55.62034],[24.88573,55.61765],[24.8935,55.61018],[24.89378,55.60524],[24.91186,55.61498],[24.92064,55.61717],[24.91194,55.61858],[24.90568,55.62244]]],[[[23.96659,55.62062],[23.93324,55.62644],[23.92968,55.62127],[23.93881,55.62173],[23.94397,55.62061],[23.95151,55.61567],[23.95866,55.61455],[23.96303,55.6123],[23.9662,55.60781],[23.97811,55.60827],[23.98405,55.61972],[23.96659,55.62062]]],[[[25.1171,55.61733],[25.11939,55.61417],[25.11925,55.609],[25.12894,55.60127],[25.14003,55.6005],[25.15037,55.6013],[25.15766,55.6064],[25.14457,55.60652],[25.12342,55.61637],[25.1171,55.61733]]],[[[25.29141,55.67986],[25.27573,55.67441],[25.25897,55.67233],[25.20878,55.65599],[25.18373,55.65534],[25.15424,55.65225],[25.15572,55.64842],[25.15966,55.64726],[25.16432,55.64362],[25.16453,55.63733],[25.15763,55.63245],[25.14367,55.63034],[25.15975,55.62367],[25.16596,55.6189],[25.16658,55.61283],[25.16087,55.60771],[25.1716,55.60829],[25.17906,55.60574],[25.185,55.60524],[25.19127,55.60248],[25.19393,55.59864],[25.19957,55.60173],[25.20476,55.6028],[25.21151,55.60273],[25.2178,55.60087],[25.22226,55.6042],[25.22747,55.60572],[25.23581,55.60586],[25.24053,55.60469],[25.24261,55.60759],[25.23355,55.6097],[25.22854,55.61469],[25.21679,55.61953],[25.20138,55.62192],[25.18829,55.62205],[25.17962,55.62438],[25.17459,55.6287],[25.17518,55.63498],[25.18005,55.63853],[25.18685,55.64026],[25.20828,55.63983],[25.23394,55.63485],[25.2332,55.63666],[25.21502,55.63953],[25.2088,55.64386],[25.20902,55.65082],[25.21229,55.65394],[25.21993,55.65678],[25.23145,55.65667],[25.2434,55.65767],[25.25009,55.6558],[25.25358,55.65307],[25.26985,55.65246],[25.27888,55.64922],[25.27583,55.65307],[25.27595,55.65688],[25.27925,55.66067],[25.28729,55.6635],[25.28559,55.67228],[25.29133,55.67739],[25.29141,55.67986]],[[25.21999,55.6588],[25.2204,55.65902],[25.22039,55.6588],[25.21999,55.6588]],[[25.22157,55.65834],[25.22435,55.65853],[25.22435,55.65831],[25.22157,55.65834]],[[25.22434,55.65808],[25.22713,55.65828],[25.22712,55.65806],[25.22434,55.65808]],[[25.22711,55.65783],[25.22871,55.65804],[25.2287,55.65782],[25.22711,55.65783]],[[25.22869,55.65759],[25.22989,55.6578],[25.22989,55.65758],[25.22869,55.65759]],[[25.23027,55.65713],[25.23068,55.65757],[25.23106,55.65712],[25.23027,55.65713]]],[[[23.66774,55.61905],[23.66143,55.61521],[23.6547,55.6134],[23.64438,55.61382],[23.6388,55.61582],[23.63207,55.614],[23.62493,55.61398],[23.61856,55.61576],[23.61581,55.61306],[23.62061,55.60925],[23.62183,55.60589],[23.63733,55.60369],[23.6457,55.59945],[23.64526,55.60416],[23.6484,55.60799],[23.65591,55.61093],[23.66583,55.61096],[23.66818,55.61501],[23.66774,55.61905]]],[[[23.90109,55.6253],[23.87968,55.61787],[23.88608,55.5999],[23.88886,55.59991],[23.89321,55.60485],[23.89635,55.61519],[23.90151,55.61811],[23.90944,55.61924],[23.90467,55.62148],[23.90109,55.6253]]],[[[25.07463,55.61704],[25.06792,55.60384],[25.07574,55.59973],[25.07754,55.59298],[25.08502,55.59111],[25.09202,55.58611],[25.0984,55.58718],[25.1017,55.59186],[25.09237,55.59869],[25.08816,55.60411],[25.08785,55.60726],[25.07921,55.61048],[25.07463,55.61704]]],[[[26.6047,55.59161],[26.59831,55.59107],[26.59498,55.58867],[26.59112,55.58426],[26.58946,55.5771],[26.58199,55.57209],[26.58567,55.56774],[26.60258,55.56559],[26.60911,55.56253],[26.61488,55.56578],[26.61443,55.57095],[26.61869,55.57536],[26.6152,55.57655],[26.61142,55.5854],[26.60639,55.5873],[26.6047,55.59161]]],[[[26.30755,55.63216],[26.30414,55.62818],[26.29483,55.62521],[26.2826,55.62656],[26.2746,55.63232],[26.26895,55.62389],[26.24135,55.61339],[26.24648,55.60588],[26.24777,55.60069],[26.25731,55.60097],[26.26239,55.59975],[26.28457,55.58541],[26.29134,55.58573],[26.29103,55.58731],[26.2935,55.58884],[26.3051,55.59042],[26.3135,55.58487],[26.31829,55.58545],[26.32367,55.58243],[26.3339,55.58111],[26.33568,55.57771],[26.32994,55.57445],[26.32817,55.57134],[26.32537,55.57094],[26.32069,55.57238],[26.31701,55.57042],[26.31853,55.56927],[26.32881,55.56885],[26.33577,55.5658],[26.34432,55.57619],[26.35191,55.59043],[26.3297,55.61062],[26.32092,55.62988],[26.3131,55.63205],[26.30755,55.63216]],[[26.29803,55.6256],[26.30033,55.62421],[26.29863,55.62222],[26.30814,55.62204],[26.3135,55.61857],[26.31671,55.61244],[26.31577,55.60999],[26.31967,55.60879],[26.32147,55.60561],[26.31529,55.60191],[26.31186,55.60422],[26.30278,55.60506],[26.30048,55.60646],[26.29016,55.60642],[26.28314,55.60858],[26.27857,55.61181],[26.27656,55.6114],[26.27767,55.61003],[26.27256,55.6108],[26.27343,55.61213],[26.275,55.61187],[26.27514,55.61434],[26.28108,55.62097],[26.28473,55.62225],[26.28943,55.62104],[26.29625,55.62226],[26.29828,55.62312],[26.29803,55.6256]]],[[[23.7083,55.60882],[23.70436,55.60589],[23.69802,55.6043],[23.66846,55.58109],[23.68789,55.58114],[23.69464,55.57936],[23.70725,55.5904],[23.72981,55.59652],[23.73416,55.59922],[23.73094,55.60595],[23.72182,55.60548],[23.7083,55.60882]]],[[[24.30115,55.67033],[24.29635,55.6663],[24.2876,55.66453],[24.2828,55.66117],[24.28754,55.65644],[24.28751,55.65262],[24.2843,55.64881],[24.27396,55.64569],[24.27115,55.64256],[24.26399,55.63965],[24.24731,55.63991],[24.24413,55.63902],[24.24411,55.6352],[24.24803,55.62756],[24.24799,55.62217],[24.25591,55.61923],[24.26064,55.6145],[24.26294,55.60237],[24.27201,55.59359],[24.27435,55.58887],[24.28664,55.58727],[24.30046,55.58027],[24.32026,55.57686],[24.33199,55.60467],[24.33064,55.63275],[24.30999,55.63258],[24.29969,55.63463],[24.29337,55.63891],[24.29262,55.64498],[24.29663,55.64991],[24.30897,55.65414],[24.3193,55.65367],[24.32642,55.65073],[24.33715,55.65093],[24.32921,55.65207],[24.32407,55.655],[24.31941,55.66714],[24.30115,55.67033]]],[[[24.51083,55.59822],[24.50682,55.59509],[24.50085,55.59332],[24.51607,55.57394],[24.53352,55.57454],[24.54023,55.57271],[24.53987,55.57519],[24.53399,55.58038],[24.53446,55.58532],[24.53807,55.58867],[24.53056,55.5905],[24.52625,55.59411],[24.51836,55.59751],[24.51083,55.59822]]],[[[25.14944,55.58312],[25.1407,55.58275],[25.14111,55.56949],[25.14933,55.56582],[25.15644,55.56508],[25.1574,55.57069],[25.1643,55.57624],[25.15919,55.57763],[25.14944,55.58312]]],[[[26.53555,55.57755],[26.53257,55.56818],[26.5231,55.56276],[26.51959,55.55744],[26.50904,55.55361],[26.49558,55.55389],[26.49433,55.55301],[26.49816,55.54462],[26.50366,55.54383],[26.51293,55.54634],[26.53367,55.54839],[26.53546,55.55149],[26.53138,55.55585],[26.53251,55.56122],[26.53873,55.56536],[26.54964,55.5685],[26.54846,55.57481],[26.54174,55.57518],[26.53555,55.57755]]],[[[24.43458,55.58975],[24.43134,55.58348],[24.42219,55.58059],[24.42448,55.5725],[24.42999,55.56911],[24.43555,55.57044],[24.44269,55.57041],[24.44783,55.56927],[24.45334,55.56588],[24.46521,55.56404],[24.45183,55.57262],[24.43458,55.58975]]],[[[24.82297,55.59607],[24.81568,55.58871],[24.81046,55.58582],[24.79815,55.58478],[24.79027,55.5873],[24.78863,55.58462],[24.78341,55.58173],[24.77348,55.58067],[24.78352,55.56713],[24.7842,55.56174],[24.80099,55.56859],[24.80745,55.57461],[24.81978,55.57655],[24.83459,55.58297],[24.83429,55.58769],[24.83676,55.59171],[24.82297,55.59607]]],[[[23.23869,55.5794],[23.23325,55.57398],[23.22813,55.57237],[23.221,55.5721],[23.21475,55.56735],[23.2184,55.5631],[23.22398,55.56157],[23.24882,55.56823],[23.24787,55.57631],[23.23869,55.5794]]],[[[23.29248,55.65294],[23.29057,55.64866],[23.28587,55.64504],[23.27518,55.64318],[23.27687,55.63803],[23.28686,55.63427],[23.28997,55.63811],[23.29627,55.64084],[23.30261,55.642],[23.31294,55.64161],[23.32176,55.63671],[23.32188,55.62975],[23.31481,55.62522],[23.31095,55.61936],[23.30702,55.61687],[23.29952,55.6148],[23.28722,55.61473],[23.29045,55.61161],[23.29093,55.60689],[23.28547,55.60169],[23.27876,55.59986],[23.27162,55.59982],[23.25886,55.60333],[23.26092,55.59908],[23.27906,55.58346],[23.28116,55.57696],[23.28783,55.5806],[23.29888,55.58403],[23.30997,55.58432],[23.31756,55.58144],[23.3208,55.57764],[23.3201,55.57179],[23.31226,55.56681],[23.32543,55.56172],[23.3345,55.56424],[23.34916,55.56454],[23.36413,55.57046],[23.3449,55.58226],[23.32897,55.58622],[23.32333,55.59135],[23.32327,55.59517],[23.32638,55.59901],[23.33268,55.60174],[23.33783,55.60221],[23.3326,55.60623],[23.3317,55.61229],[23.33402,55.61634],[23.34226,55.622],[23.33548,55.62354],[23.33066,55.6271],[23.3264,55.64415],[23.32114,55.64951],[23.30922,55.64989],[23.29248,55.65294]]],[[[25.38245,55.57869],[25.37998,55.57602],[25.37354,55.5734],[25.35769,55.57357],[25.36146,55.56792],[25.3727,55.57206],[25.38417,55.57126],[25.39313,55.56666],[25.41218,55.56734],[25.4196,55.56434],[25.43041,55.55635],[25.4365,55.54954],[25.45157,55.54981],[25.44223,55.55441],[25.42986,55.56309],[25.42165,55.56611],[25.4187,55.57243],[25.4065,55.57482],[25.40224,55.57756],[25.39664,55.57628],[25.3899,55.57636],[25.38245,55.57869]]],[[[21.19367,55.59637],[21.18717,55.59285],[21.17809,55.59219],[21.17781,55.59061],[21.18173,55.58576],[21.19048,55.57989],[21.19614,55.57283],[21.20154,55.56936],[21.20091,55.5671],[21.20772,55.5549],[21.206,55.54564],[21.20977,55.53719],[21.20933,55.53224],[21.21414,55.52583],[21.21868,55.52886],[21.23339,55.53368],[21.23169,55.54106],[21.23838,55.54728],[21.2446,55.54899],[21.25529,55.55485],[21.26555,55.55553],[21.26226,55.55725],[21.25348,55.55818],[21.24684,55.5623],[21.24126,55.56285],[21.23473,55.56539],[21.22868,55.57245],[21.224,55.58268],[21.21779,55.58074],[21.21105,55.58059],[21.20172,55.58352],[21.19367,55.59637]]],[[[21.74782,55.55051],[21.72256,55.54196],[21.72976,55.54075],[21.73383,55.5388],[21.73856,55.53237],[21.74441,55.53405],[21.76096,55.53548],[21.76057,55.54244],[21.75529,55.54459],[21.75105,55.54945],[21.74782,55.55051]]],[[[24.24406,55.564],[24.23097,55.56223],[24.23294,55.55931],[24.23089,55.54876],[24.24634,55.54895],[24.25149,55.54782],[24.25308,55.54916],[24.24797,55.55501],[24.24761,55.5613],[24.24406,55.564]]],[[[21.51887,55.5425],[21.51468,55.53972],[21.50605,55.53842],[21.49674,55.52901],[21.48825,55.52547],[21.52233,55.51898],[21.51381,55.52217],[21.50867,55.52836],[21.50908,55.53443],[21.5136,55.53812],[21.51826,55.53956],[21.51887,55.5425]]],[[[23.99161,55.55751],[23.98725,55.55639],[23.97417,55.55683],[23.97259,55.55391],[23.98289,55.55279],[23.98844,55.54897],[24.00191,55.54942],[24.0229,55.54313],[24.03003,55.54246],[24.02132,55.54942],[23.99161,55.55751]]],[[[24.22753,55.58425],[24.2156,55.57843],[24.19895,55.57756],[24.19652,55.56813],[24.18897,55.56455],[24.17589,55.5639],[24.17665,55.55671],[24.1699,55.55178],[24.15801,55.55067],[24.1489,55.5536],[24.14256,55.55181],[24.14292,55.54215],[24.16749,55.54504],[24.19087,55.54591],[24.1988,55.54904],[24.20363,55.56228],[24.20879,55.56519],[24.21673,55.5663],[24.21478,55.57327],[24.21758,55.57753],[24.22553,55.58133],[24.23466,55.58199],[24.22753,55.58425]]],[[[24.58635,55.55498],[24.57718,55.55121],[24.55293,55.54526],[24.55291,55.54368],[24.56866,55.53755],[24.59138,55.54732],[24.58635,55.55498]]],[[[23.5727,55.56373],[23.54671,55.54926],[23.54715,55.54522],[23.55708,55.54323],[23.56507,55.53675],[23.56704,55.53765],[23.56895,55.5444],[23.57486,55.54734],[23.57825,55.5633],[23.5727,55.56373]]],[[[24.46617,55.54494],[24.46612,55.54113],[24.46291,55.53732],[24.45654,55.53465],[24.44901,55.53423],[24.44899,55.53243],[24.45374,55.53219],[24.48667,55.53678],[24.49696,55.53674],[24.52462,55.53168],[24.52191,55.53618],[24.50934,55.54432],[24.47526,55.54334],[24.46617,55.54494]]],[[[23.16544,55.57466],[23.16327,55.56521],[23.15744,55.55955],[23.15074,55.55771],[23.14401,55.55766],[23.13483,55.56074],[23.1341,55.55782],[23.14051,55.55472],[23.14376,55.55092],[23.14347,55.54598],[23.13771,55.53763],[23.13782,55.53269],[23.15008,55.53345],[23.15848,55.52969],[23.16831,55.53268],[23.18096,55.53366],[23.18282,55.53951],[23.19225,55.54339],[23.18901,55.54697],[23.18106,55.54826],[23.17343,55.55315],[23.17328,55.56034],[23.17796,55.56396],[23.18229,55.56534],[23.18226,55.56669],[23.17348,55.56932],[23.16544,55.57466]]],[[[22.58881,55.55792],[22.56547,55.54597],[22.56368,55.54056],[22.55746,55.53734],[22.55969,55.53063],[22.55706,55.52678],[22.56735,55.5269],[22.57497,55.52407],[22.57877,55.5286],[22.57778,55.53398],[22.58491,55.54507],[22.58881,55.55792]]],[[[24.90478,55.54878],[24.8998,55.53893],[24.8922,55.5354],[24.8811,55.53525],[24.883,55.53142],[24.89725,55.53109],[24.90591,55.52878],[24.90804,55.5355],[24.91684,55.53903],[24.91737,55.54509],[24.91223,55.54558],[24.90478,55.54878]]],[[[23.28394,55.55497],[23.27093,55.5513],[23.25827,55.55055],[23.24329,55.54641],[23.24374,55.5435],[23.24814,55.54128],[23.25545,55.53189],[23.26422,55.52857],[23.26581,55.52836],[23.27326,55.53267],[23.27359,55.53604],[23.27747,55.54033],[23.29869,55.55011],[23.28394,55.55497]]],[[[26.47956,55.51984],[26.47753,55.51898],[26.47925,55.5149],[26.49422,55.50741],[26.4995,55.50325],[26.50993,55.50551],[26.52298,55.50524],[26.52884,55.504],[26.52777,55.50582],[26.52264,55.50615],[26.52044,55.50889],[26.51652,55.50942],[26.51505,55.51125],[26.51634,55.51279],[26.51258,55.51602],[26.505,55.51505],[26.50241,55.51802],[26.49716,55.51633],[26.48884,55.51628],[26.47956,55.51984]]],[[[26.12123,55.54252],[26.11557,55.54059],[26.11126,55.53393],[26.1001,55.52536],[26.07886,55.52055],[26.07999,55.512],[26.10037,55.50806],[26.11358,55.50334],[26.11141,55.50719],[26.11208,55.51235],[26.115,55.51522],[26.12149,55.51803],[26.1122,55.52201],[26.11058,55.52877],[26.1164,55.53384],[26.12402,55.53551],[26.12123,55.54252]]],[[[24.40303,55.53012],[24.39904,55.52721],[24.3915,55.52499],[24.38159,55.52367],[24.36932,55.52439],[24.35623,55.52173],[24.34787,55.51659],[24.391,55.51421],[24.40409,55.51709],[24.40652,55.52225],[24.40303,55.53012]]],[[[21.50072,55.50371],[21.50071,55.49764],[21.49201,55.4914],[21.49867,55.48614],[21.49858,55.48142],[21.49485,55.47775],[21.51918,55.48094],[21.52114,55.4875],[21.5296,55.49149],[21.54068,55.49149],[21.548,55.48826],[21.54927,55.49323],[21.54623,55.49766],[21.54211,55.50028],[21.53515,55.49767],[21.52646,55.49727],[21.51405,55.49949],[21.50673,55.50271],[21.50072,55.50371]]],[[[22.61165,55.51708],[22.61105,55.51168],[22.61821,55.51064],[22.62345,55.50777],[22.62568,55.50061],[22.63051,55.4982],[22.6322,55.49529],[22.64402,55.49655],[22.64475,55.49835],[22.6383,55.50188],[22.63131,55.50944],[22.62531,55.51139],[22.62043,55.51493],[22.61165,55.51708]]],[[[26.03946,55.57019],[26.03342,55.56849],[26.0255,55.56862],[26.01963,55.57007],[25.99551,55.5635],[25.98085,55.56374],[25.97553,55.56045],[25.97034,55.55964],[25.97255,55.55623],[25.97143,55.54974],[25.97956,55.54601],[25.98157,55.53857],[25.97083,55.52975],[25.96401,55.52807],[25.95768,55.52817],[25.95724,55.52728],[25.9687,55.52687],[25.97733,55.52516],[25.99406,55.51927],[26.00052,55.514],[26.00116,55.5032],[25.99861,55.49965],[25.99332,55.49682],[25.98101,55.49589],[25.97207,55.49918],[25.96945,55.50215],[25.96923,55.50574],[25.96265,55.50877],[25.95578,55.50596],[25.94581,55.50432],[25.94475,55.49895],[25.93701,55.49435],[25.94739,55.48835],[25.97817,55.48673],[25.99415,55.48984],[26.00948,55.50329],[26.02355,55.50755],[26.03653,55.51363],[26.04652,55.51548],[26.0277,55.52658],[26.02297,55.53474],[26.02321,55.53946],[26.02534,55.54234],[26.03104,55.54539],[26.04829,55.54938],[26.05637,55.56002],[26.06829,55.56813],[26.04927,55.56823],[26.03946,55.57019]]],[[[21.27252,55.49502],[21.27241,55.48513],[21.27535,55.48272],[21.27598,55.47936],[21.28216,55.47568],[21.28299,55.46941],[21.28977,55.46866],[21.29865,55.47178],[21.31091,55.47182],[21.3161,55.47688],[21.31771,55.48231],[21.32376,55.48649],[21.32266,55.49096],[21.31282,55.49029],[21.27252,55.49502]]],[[[23.88594,55.51186],[23.88398,55.50602],[23.87528,55.5022],[23.86697,55.50196],[23.85984,55.5042],[23.85431,55.50285],[23.84679,55.50284],[23.83887,55.5044],[23.83769,55.5035],[23.84366,55.4952],[23.86263,55.49904],[23.87292,55.4986],[23.88124,55.49434],[23.89113,55.49682],[23.88872,55.5094],[23.88594,55.51186]]],[[[23.46995,55.57119],[23.46324,55.56959],[23.44816,55.57042],[23.44262,55.56972],[23.4581,55.56844],[23.46687,55.56444],[23.46895,55.55703],[23.46549,55.54983],[23.45963,55.54329],[23.45413,55.54012],[23.449,55.53898],[23.43751,55.53892],[23.41778,55.53434],[23.41622,55.53276],[23.42417,55.53055],[23.42937,55.52676],[23.42986,55.52047],[23.42713,55.51754],[23.42084,55.51481],[23.40738,55.51453],[23.41021,55.5105],[23.42335,55.50539],[23.43175,55.49914],[23.44243,55.49942],[23.47813,55.49284],[23.48324,55.49488],[23.47839,55.5025],[23.47323,55.50382],[23.46843,55.50739],[23.46834,55.51436],[23.47462,55.51865],[23.48648,55.51982],[23.48837,55.52657],[23.49703,55.5302],[23.49657,55.53536],[23.49852,55.53829],[23.50402,55.54146],[23.51034,55.54283],[23.50477,55.54505],[23.50155,55.54886],[23.5015,55.55268],[23.50463,55.55606],[23.50377,55.56167],[23.48827,55.56475],[23.46995,55.57119]],[[23.44103,55.51446],[23.44658,55.51359],[23.44901,55.51],[23.4451,55.50662],[23.43957,55.50592],[23.43479,55.50814],[23.43197,55.5115],[23.43589,55.51376],[23.44103,55.51446]]],[[[24.10245,55.51569],[24.08935,55.5002],[24.08814,55.491],[24.10238,55.49076],[24.10245,55.51569]]],[[[24.66138,55.5162],[24.64388,55.51157],[24.63471,55.50735],[24.63463,55.50219],[24.65375,55.48591],[24.65344,55.49131],[24.65667,55.49511],[24.66305,55.49777],[24.67097,55.49817],[24.67067,55.50402],[24.67355,55.51051],[24.66646,55.51235],[24.66138,55.5162]]],[[[22.95815,55.49805],[22.92311,55.49146],[22.92245,55.48674],[22.91313,55.48059],[22.91318,55.47879],[22.91949,55.4793],[22.92414,55.48271],[22.92924,55.48433],[22.93793,55.48463],[22.94905,55.48293],[22.97062,55.4903],[22.98366,55.49063],[22.98116,55.49577],[22.96772,55.49521],[22.95815,55.49805]]],[[[26.40657,55.47883],[26.40638,55.47569],[26.40006,55.47581],[26.39875,55.47382],[26.40147,55.47309],[26.40141,55.47197],[26.39493,55.46962],[26.39105,55.47082],[26.3889,55.47446],[26.38989,55.47781],[26.3856,55.47879],[26.37924,55.47824],[26.38044,55.47193],[26.37618,55.46684],[26.37972,55.46655],[26.38507,55.46352],[26.38644,55.4599],[26.39066,55.4578],[26.40534,55.46515],[26.41117,55.46998],[26.41027,55.47471],[26.40657,55.47883]]],[[[25.88614,55.48975],[25.87167,55.48503],[25.88288,55.47947],[25.88471,55.47652],[25.88411,55.47226],[25.89489,55.46603],[25.90017,55.46887],[25.90536,55.46991],[25.91404,55.46955],[25.92261,55.46695],[25.92829,55.46978],[25.93624,55.47078],[25.92382,55.47546],[25.90231,55.48883],[25.88614,55.48975]]],[[[23.99478,55.53078],[23.98607,55.52921],[23.9829,55.52674],[23.98053,55.51528],[23.98252,55.50293],[23.99953,55.50114],[24.00468,55.49956],[24.01615,55.48901],[24.02406,55.48609],[24.03157,55.48002],[24.03829,55.47867],[24.04305,55.49394],[24.03553,55.49507],[24.03039,55.49799],[24.02644,55.50697],[24.02684,55.51236],[24.01418,55.51461],[24.00705,55.51753],[24.00389,55.52135],[24.00587,55.52786],[23.99478,55.53078]]],[[[24.40191,55.49733],[24.39517,55.49623],[24.37104,55.49676],[24.36823,55.49227],[24.37453,55.48888],[24.37687,55.48528],[24.37683,55.48124],[24.37442,55.47788],[24.38156,55.47988],[24.38907,55.47985],[24.39814,55.47668],[24.39782,55.48387],[24.40191,55.49733]]],[[[24.23792,55.531],[24.23116,55.5272],[24.22601,55.52608],[24.22361,55.52272],[24.21479,55.50162],[24.21426,55.47692],[24.21666,55.48208],[24.2167,55.48949],[24.22347,55.49824],[24.22989,55.5126],[24.23743,55.51618],[24.25763,55.51838],[24.2533,55.52176],[24.24859,55.52896],[24.23792,55.531]]],[[[21.7904,55.4767],[21.79265,55.46484],[21.78625,55.45911],[21.80751,55.45365],[21.80839,55.45905],[21.81477,55.46523],[21.81303,55.46812],[21.7904,55.4767]]],[[[24.15865,55.51294],[24.15702,55.50216],[24.14945,55.48847],[24.1526,55.48509],[24.16011,55.48441],[24.16643,55.48171],[24.16996,55.47564],[24.18063,55.4727],[24.18302,55.47787],[24.18355,55.50549],[24.18595,55.51065],[24.15865,55.51294]]],[[[26.43414,55.50255],[26.42928,55.49433],[26.44145,55.47994],[26.44453,55.47224],[26.44374,55.46574],[26.43785,55.46001],[26.43859,55.45281],[26.44946,55.44967],[26.45505,55.44417],[26.4589,55.44252],[26.45637,55.44639],[26.45708,55.45132],[26.46449,55.45611],[26.46759,55.46144],[26.47334,55.46492],[26.47358,55.46873],[26.47698,55.47248],[26.48147,55.47464],[26.49589,55.47749],[26.5101,55.47698],[26.51217,55.47851],[26.51027,55.47967],[26.49688,55.48062],[26.49235,55.47779],[26.48172,55.47868],[26.47889,55.4839],[26.4671,55.48526],[26.45508,55.49562],[26.44993,55.49549],[26.44531,55.49761],[26.44554,55.5012],[26.43958,55.50087],[26.43889,55.50245],[26.43414,55.50255]]],[[[21.1136,55.50328],[21.09852,55.46068],[21.08792,55.44357],[21.08787,55.43346],[21.08488,55.42575],[21.09051,55.42454],[21.09673,55.42581],[21.10898,55.42587],[21.08984,55.4389],[21.09431,55.4426],[21.0925,55.44571],[21.09849,55.45034],[21.09834,55.45775],[21.10311,55.46281],[21.10309,55.46843],[21.10892,55.4807],[21.1183,55.48766],[21.11486,55.4914],[21.1145,55.49634],[21.11289,55.49675],[21.1136,55.50328]]],[[[26.54163,55.45071],[26.53183,55.44575],[26.52147,55.44439],[26.53174,55.43811],[26.5349,55.43198],[26.53925,55.43211],[26.54299,55.43496],[26.53893,55.43931],[26.53984,55.44131],[26.54388,55.44258],[26.54935,55.44156],[26.55068,55.44378],[26.54699,55.4479],[26.54163,55.45071]]],[[[23.35489,55.48102],[23.347,55.47963],[23.34446,55.46592],[23.33981,55.4605],[23.34346,55.4549],[23.35952,55.46352],[23.37058,55.46403],[23.37932,55.46183],[23.38483,55.46298],[23.3911,55.46661],[23.39498,55.47157],[23.39969,55.47384],[23.38901,55.47401],[23.37593,55.47596],[23.35489,55.48102]]],[[[23.06751,55.47468],[23.05155,55.46422],[23.05165,55.46018],[23.04857,55.45679],[23.05819,55.45102],[23.0711,55.45651],[23.06751,55.47468]]],[[[24.31981,55.47287],[24.31464,55.46861],[24.31695,55.4612],[24.31609,55.45244],[24.32876,55.4551],[24.3363,55.45957],[24.3419,55.46674],[24.34076,55.47191],[24.31981,55.47287]]],[[[21.54721,55.45634],[21.5397,55.45642],[21.54391,55.45223],[21.54237,55.44524],[21.55366,55.44164],[21.57086,55.43188],[21.58198,55.43097],[21.58926,55.4282],[21.59373,55.43255],[21.60033,55.43448],[21.61023,55.43423],[21.61672,55.43143],[21.62846,55.43323],[21.63232,55.43488],[21.62603,55.44082],[21.62417,55.44551],[21.60483,55.44513],[21.59647,55.44609],[21.58952,55.44326],[21.57887,55.44305],[21.57364,55.44451],[21.56217,55.45103],[21.54721,55.45634]]],[[[24.1138,55.47278],[24.11576,55.46582],[24.11259,55.462],[24.1023,55.45775],[24.08293,55.45776],[24.08055,55.4517],[24.09083,55.45349],[24.13746,55.45434],[24.13905,55.45659],[24.13157,55.46603],[24.13041,55.47164],[24.1138,55.47278]]],[[[26.34997,55.45836],[26.34907,55.45658],[26.3459,55.45642],[26.34848,55.45322],[26.34737,55.44785],[26.35096,55.44172],[26.35591,55.4387],[26.35921,55.43437],[26.36576,55.43155],[26.37407,55.4251],[26.37885,55.4259],[26.38295,55.42829],[26.37787,55.42929],[26.37292,55.43231],[26.37135,55.43908],[26.37474,55.44283],[26.38204,55.44606],[26.38425,55.44984],[26.38178,55.44831],[26.37741,55.44795],[26.37165,55.45075],[26.36991,55.44809],[26.36596,55.44817],[26.3659,55.44705],[26.36311,55.44665],[26.36127,55.44893],[26.36368,55.44956],[26.35975,55.45009],[26.35996,55.45345],[26.35335,55.45538],[26.35392,55.45829],[26.34997,55.45836]]],[[[26.26522,55.44895],[26.26027,55.44545],[26.25747,55.43786],[26.26408,55.43594],[26.27786,55.43524],[26.28554,55.43128],[26.28836,55.42538],[26.29475,55.42661],[26.29063,55.43051],[26.29051,55.43523],[26.29265,55.43811],[26.29794,55.4407],[26.29829,55.44676],[26.28969,55.44153],[26.27739,55.44064],[26.26849,55.44395],[26.26522,55.44895]]],[[[24.24792,55.48404],[24.24627,55.47304],[24.24227,55.46653],[24.23751,55.46295],[24.23078,55.46116],[24.22366,55.46118],[24.21459,55.46434],[24.21184,55.46816],[24.21065,55.46682],[24.21061,55.46075],[24.21931,55.46029],[24.22562,55.45758],[24.2315,55.45016],[24.23266,55.44544],[24.27314,55.47096],[24.27712,55.47477],[24.28073,55.48217],[24.24792,55.48404]]],[[[24.47156,55.46541],[24.46242,55.46208],[24.43752,55.46195],[24.44799,55.44417],[24.45159,55.4482],[24.45834,55.45109],[24.48008,55.45123],[24.47747,55.46404],[24.47156,55.46541]]],[[[22.33513,55.45567],[22.33021,55.45066],[22.31963,55.4485],[22.32576,55.44364],[22.33365,55.44397],[22.34044,55.44227],[22.34533,55.43874],[22.34629,55.43471],[22.35546,55.43259],[22.36854,55.44107],[22.36081,55.44659],[22.35984,55.45084],[22.35338,55.45412],[22.34314,55.45331],[22.33513,55.45567]]],[[[24.53982,55.4849],[24.54018,55.48265],[24.54411,55.48039],[24.54876,55.47385],[24.55025,55.46666],[24.57289,55.44724],[24.57838,55.44429],[24.57992,55.44137],[24.58387,55.44135],[24.58882,55.45547],[24.57774,55.45463],[24.5687,55.45781],[24.56559,55.46165],[24.56495,55.47221],[24.55784,55.47246],[24.55272,55.47406],[24.54803,55.47767],[24.54731,55.48307],[24.53982,55.4849]]],[[[22.89777,55.46406],[22.89186,55.4631],[22.89553,55.45909],[22.89607,55.45416],[22.88874,55.4478],[22.8916,55.44423],[22.90111,55.4432],[22.90877,55.43787],[22.91329,55.446],[22.90278,55.45444],[22.901,55.46161],[22.89777,55.46406]]],[[[24.76233,55.49607],[24.76406,55.48348],[24.75908,55.47138],[24.76562,55.46213],[24.76706,55.45494],[24.77554,55.44388],[24.77703,55.43893],[24.78532,55.43865],[24.79016,55.44378],[24.78049,55.45418],[24.78029,55.46406],[24.77643,55.4688],[24.77613,55.47375],[24.77816,55.47665],[24.78336,55.47954],[24.80041,55.48167],[24.77956,55.4872],[24.76969,55.48839],[24.76461,55.49134],[24.76233,55.49607]]],[[[26.17747,55.44178],[26.17098,55.43875],[26.1635,55.43215],[26.1595,55.41672],[26.1633,55.41395],[26.17219,55.41762],[26.17999,55.42309],[26.20075,55.42699],[26.20126,55.429],[26.19178,55.42917],[26.18445,55.43222],[26.18149,55.43587],[26.18128,55.43925],[26.17747,55.44178]]],[[[26.32873,55.42664],[26.32869,55.41923],[26.33317,55.40813],[26.3324,55.40186],[26.34183,55.401],[26.34891,55.4139],[26.32873,55.42664]]],[[[22.17777,55.43074],[22.17395,55.42799],[22.17549,55.42015],[22.17971,55.41437],[22.18623,55.40998],[22.18784,55.40933],[22.19167,55.41186],[22.19675,55.41305],[22.20824,55.4121],[22.20819,55.41322],[22.19784,55.41509],[22.19251,55.41928],[22.19262,55.42557],[22.19874,55.42993],[22.18415,55.42949],[22.17777,55.43074]]],[[[25.97232,55.43291],[25.95519,55.43004],[25.95265,55.42671],[25.95955,55.42233],[25.96275,55.41531],[25.9698,55.41408],[25.98717,55.41402],[25.99528,55.4103],[26.00123,55.40301],[26.01777,55.40229],[26.01275,55.40439],[26.01208,55.40688],[26.00849,55.40604],[26.0028,55.41062],[26.00367,55.41218],[25.99701,55.41341],[25.98701,55.41874],[25.98482,55.42215],[25.98724,55.43109],[25.98179,55.43275],[25.97232,55.43291]]],[[[25.35978,55.43878],[25.35514,55.43029],[25.35189,55.42764],[25.35,55.41845],[25.35677,55.42017],[25.36897,55.41891],[25.37513,55.41457],[25.37574,55.4094],[25.38597,55.40839],[25.38296,55.41246],[25.3831,55.4165],[25.38639,55.42029],[25.39558,55.42333],[25.40386,55.42301],[25.40971,55.42092],[25.41195,55.4283],[25.41719,55.43116],[25.42196,55.43201],[25.4157,55.43365],[25.40259,55.43178],[25.39652,55.42758],[25.38464,55.4266],[25.37799,55.42847],[25.37453,55.4312],[25.36551,55.4331],[25.35978,55.43878]]],[[[23.54695,55.45965],[23.54306,55.45357],[23.55142,55.44866],[23.55672,55.43408],[23.56512,55.42422],[23.58175,55.42046],[23.58931,55.41532],[23.60035,55.41648],[23.59675,55.42096],[23.59671,55.42501],[23.59983,55.42861],[23.59545,55.43219],[23.59151,55.43128],[23.58203,55.43169],[23.57568,55.43437],[23.57288,55.43728],[23.57243,55.44244],[23.57942,55.4537],[23.56559,55.4541],[23.54695,55.45965]]],[[[24.83234,55.43901],[24.82083,55.43639],[24.81681,55.43328],[24.8119,55.425],[24.80432,55.42101],[24.81449,55.41622],[24.81835,55.41193],[24.82111,55.41213],[24.82239,55.41639],[24.82759,55.41995],[24.82729,55.42422],[24.83258,55.4316],[24.83234,55.43901]]],[[[22.99595,55.42739],[22.98384,55.42212],[22.97245,55.41978],[22.96574,55.41973],[22.97057,55.41617],[22.97354,55.40834],[22.98021,55.40974],[22.98756,55.41564],[22.99739,55.41752],[23.00556,55.42208],[22.99595,55.42739]]],[[[25.75018,55.4127],[25.7458,55.41187],[25.72649,55.41281],[25.72185,55.40591],[25.71656,55.40217],[25.71841,55.39945],[25.73356,55.40283],[25.742,55.4063],[25.75155,55.40796],[25.75018,55.4127]]],[[[23.50242,55.47991],[23.48863,55.47559],[23.4761,55.46633],[23.45839,55.46108],[23.44073,55.45157],[23.42939,55.44366],[23.41877,55.44001],[23.41683,55.43798],[23.43031,55.43445],[23.439,55.43404],[23.44526,55.43834],[23.46219,55.44313],[23.46877,55.45327],[23.47543,55.45734],[23.48922,55.46077],[23.50109,55.45969],[23.50788,55.45478],[23.50756,55.44826],[23.50286,55.44465],[23.49696,55.44305],[23.48879,55.43291],[23.4786,55.42725],[23.49048,55.42416],[23.49605,55.42126],[23.50962,55.40964],[23.51633,55.41012],[23.51828,55.41214],[23.51548,55.4146],[23.5024,55.41882],[23.49919,55.42262],[23.49914,55.42644],[23.50226,55.43027],[23.50854,55.43299],[23.51881,55.43348],[23.52475,55.43216],[23.52268,55.43934],[23.51474,55.44268],[23.51033,55.44782],[23.51179,55.45794],[23.52227,55.47393],[23.51476,55.47367],[23.5096,55.47477],[23.50242,55.47991]]],[[[24.49013,55.43277],[24.49284,55.42827],[24.49198,55.42288],[24.48561,55.41864],[24.4773,55.4171],[24.4796,55.41193],[24.48391,55.40922],[24.49657,55.41119],[24.51788,55.4102],[24.54365,55.41795],[24.53856,55.42112],[24.53664,55.42539],[24.53155,55.42901],[24.51377,55.42863],[24.50434,55.43227],[24.49013,55.43277]]],[[[26.03896,55.4763],[26.02852,55.47332],[26.01785,55.4735],[26.01199,55.47495],[26.00953,55.47319],[26.01062,55.47137],[26.02026,55.4665],[26.04464,55.45621],[26.04995,55.45185],[26.04951,55.44332],[26.03643,55.435],[26.0424,55.42816],[26.03952,55.41833],[26.04334,55.41579],[26.05042,55.41522],[26.06326,55.41164],[26.0888,55.39413],[26.10423,55.39477],[26.11982,55.39113],[26.12612,55.39079],[26.12238,55.39468],[26.12228,55.40029],[26.12766,55.40492],[26.12807,55.41974],[26.13051,55.42846],[26.1178,55.42711],[26.10632,55.41922],[26.09951,55.41754],[26.08773,55.41886],[26.08085,55.42325],[26.07903,55.4262],[26.08012,55.4318],[26.08505,55.43531],[26.09025,55.43657],[26.10085,55.44267],[26.11602,55.44556],[26.12407,55.44834],[26.12318,55.45375],[26.11423,55.45637],[26.10593,55.45652],[26.10008,55.45796],[26.0877,55.46312],[26.08121,55.4675],[26.07175,55.46811],[26.06632,55.47022],[26.0583,55.46811],[26.04845,55.46872],[26.04227,55.47152],[26.03896,55.4763]]],[[[23.94898,55.42656],[23.94662,55.4187],[23.94307,55.41555],[23.94347,55.41173],[23.95532,55.40949],[23.96164,55.40523],[23.96362,55.40186],[23.9719,55.40208],[23.9719,55.40478],[23.96558,55.41017],[23.96637,55.41533],[23.95728,55.41848],[23.95452,55.42139],[23.95412,55.42566],[23.94898,55.42656]]],[[[23.31641,55.41927],[23.30462,55.41606],[23.29355,55.41667],[23.29402,55.41263],[23.30078,55.40997],[23.30641,55.40394],[23.31159,55.40105],[23.32069,55.39975],[23.32265,55.40089],[23.32176,55.4065],[23.32443,55.41168],[23.31886,55.41457],[23.31641,55.41927]]],[[[26.20604,55.40847],[26.19765,55.40683],[26.18019,55.39793],[26.16901,55.39566],[26.15956,55.39605],[26.16073,55.38861],[26.16939,55.38105],[26.17328,55.38008],[26.174,55.38591],[26.18294,55.39069],[26.19283,55.39096],[26.2006,55.3888],[26.20087,55.39374],[26.2043,55.39862],[26.21819,55.4069],[26.21824,55.4078],[26.20604,55.40847]]],[[[23.37952,55.42342],[23.37327,55.41935],[23.37017,55.41529],[23.37888,55.41421],[23.38526,55.40998],[23.38614,55.40437],[23.38076,55.39513],[23.38633,55.39179],[23.39176,55.3981],[23.39684,55.40105],[23.40867,55.40223],[23.4162,55.40002],[23.41775,55.40205],[23.40747,55.40335],[23.40109,55.40758],[23.40022,55.41297],[23.40484,55.42085],[23.37952,55.42342]]],[[[22.27769,55.4131],[22.27479,55.40722],[22.25779,55.39889],[22.25783,55.389],[22.26756,55.38308],[22.27146,55.38403],[22.28134,55.38372],[22.28982,55.37912],[22.29678,55.38259],[22.30622,55.38317],[22.31784,55.37906],[22.33128,55.38778],[22.3244,55.39173],[22.32183,55.39664],[22.30054,55.38691],[22.29109,55.38633],[22.28592,55.38738],[22.27942,55.39156],[22.27874,55.39806],[22.28138,55.40102],[22.29568,55.40818],[22.29074,55.41283],[22.27769,55.4131]]],[[[21.42778,55.41435],[21.42018,55.40969],[21.40009,55.40298],[21.38676,55.3955],[21.37693,55.39484],[21.35741,55.39757],[21.37482,55.39098],[21.37724,55.38429],[21.39259,55.37293],[21.39786,55.36473],[21.42405,55.36237],[21.4202,55.367],[21.41846,55.38157],[21.41224,55.38616],[21.41188,55.39177],[21.41672,55.39614],[21.42331,55.39808],[21.432,55.39803],[21.43965,55.39572],[21.43921,55.40245],[21.44215,55.40589],[21.43166,55.40926],[21.42778,55.41435]]],[[[22.7257,55.40556],[22.72269,55.40103],[22.71533,55.39669],[22.7087,55.39415],[22.70044,55.39339],[22.70671,55.38267],[22.71963,55.38573],[22.72388,55.38847],[22.73285,55.40428],[22.73202,55.4054],[22.7257,55.40556]]],[[[24.37022,55.45184],[24.3611,55.44827],[24.35117,55.44224],[24.37841,55.44036],[24.38825,55.43606],[24.39129,55.42437],[24.38757,55.40754],[24.40248,55.39851],[24.40278,55.38862],[24.40795,55.39287],[24.41045,55.40612],[24.40338,55.40861],[24.39829,55.41289],[24.3899,55.44324],[24.37967,55.44777],[24.37655,55.45182],[24.37022,55.45184]]],[[[26.40464,55.41461],[26.39773,55.41138],[26.396,55.40894],[26.40109,55.40165],[26.40159,55.39041],[26.39375,55.37821],[26.40147,55.37536],[26.41243,55.3675],[26.4205,55.36397],[26.43002,55.36491],[26.43172,55.3669],[26.41242,55.37379],[26.40666,55.38289],[26.40754,55.39097],[26.41053,55.39473],[26.41626,55.39798],[26.4113,55.40078],[26.40912,55.40396],[26.40869,55.40981],[26.4104,55.41203],[26.40464,55.41461]]],[[[22.57346,55.39085],[22.57042,55.38744],[22.57371,55.38366],[22.57349,55.37894],[22.57643,55.37404],[22.57845,55.37271],[22.59421,55.37312],[22.59921,55.37677],[22.58993,55.3825],[22.58659,55.38763],[22.57977,55.39092],[22.57346,55.39085]]],[[[24.67514,55.39528],[24.67071,55.38969],[24.66158,55.3866],[24.66388,55.38254],[24.66219,55.37604],[24.66929,55.376],[24.68713,55.38107],[24.68917,55.3851],[24.67976,55.38829],[24.67514,55.39528]]],[[[26.03447,55.38157],[26.03123,55.37983],[26.04261,55.3711],[26.06914,55.36549],[26.07903,55.35835],[26.08117,55.36169],[26.07883,55.36218],[26.07781,55.36534],[26.08485,55.3641],[26.08849,55.36583],[26.09362,55.36597],[26.09333,55.36777],[26.08857,55.3674],[26.08744,55.36832],[26.09149,55.37027],[26.09203,55.37318],[26.06733,55.37607],[26.05097,55.38017],[26.03447,55.38157]]],[[[24.33364,55.42499],[24.33281,55.4205],[24.32646,55.41625],[24.31461,55.41516],[24.30791,55.41675],[24.2996,55.41475],[24.28538,55.41343],[24.26873,55.40449],[24.26634,55.40045],[24.27343,55.39931],[24.27854,55.39638],[24.28047,55.38919],[24.27448,55.37999],[24.26815,55.37664],[24.27208,55.37506],[24.29773,55.37612],[24.30955,55.37452],[24.30485,55.37857],[24.30174,55.38442],[24.3038,55.39654],[24.30739,55.4008],[24.31807,55.40414],[24.3552,55.40674],[24.3589,55.42335],[24.33364,55.42499]]],[[[21.25357,55.36921],[21.24696,55.36772],[21.23589,55.36814],[21.23248,55.36604],[21.22609,55.35601],[21.22895,55.34888],[21.22496,55.34385],[21.23372,55.3427],[21.23643,55.34344],[21.23963,55.34845],[21.23944,55.35114],[21.23785,55.35133],[21.23889,55.359],[21.24641,55.36433],[21.25145,55.36557],[21.25821,55.36482],[21.25251,55.36739],[21.25612,55.36658],[21.25357,55.36921]],[[21.25095,55.36713],[21.25168,55.36805],[21.2525,55.36762],[21.25095,55.36713]]],[[[25.13598,55.39165],[25.1391,55.39027],[25.14778,55.39019],[25.15444,55.38833],[25.15906,55.38469],[25.15969,55.37929],[25.15402,55.37418],[25.14169,55.37048],[25.13103,55.37013],[25.12672,55.37107],[25.13137,55.3681],[25.15222,55.36656],[25.1547,55.37036],[25.15952,55.37323],[25.16909,55.37673],[25.17976,55.37731],[25.18457,55.38018],[25.17673,55.38183],[25.17285,55.38389],[25.17017,55.38683],[25.1699,55.39088],[25.13598,55.39165]]],[[[21.25456,55.35486],[21.25108,55.35388],[21.25116,55.35276],[21.25308,55.35347],[21.25733,55.34908],[21.25304,55.34831],[21.25298,55.34359],[21.24913,55.34215],[21.25,55.34105],[21.24409,55.34091],[21.24383,55.33911],[21.24704,55.33828],[21.25606,55.33894],[21.27274,55.34291],[21.27393,55.34855],[21.27179,55.35097],[21.26729,55.35334],[21.25456,55.35486]]],[[[23.58792,55.3969],[23.58398,55.39577],[23.58599,55.39308],[23.58487,55.38656],[23.59164,55.38074],[23.59248,55.37513],[23.58702,55.36995],[23.57915,55.36812],[23.57719,55.36722],[23.59648,55.36998],[23.62245,55.37657],[23.62322,55.37792],[23.62003,55.38151],[23.61839,55.38779],[23.61248,55.38777],[23.60575,55.38955],[23.60218,55.39178],[23.59976,55.39627],[23.58792,55.3969]]],[[[21.03853,55.3588],[21.0214,55.33479],[21.03543,55.33693],[21.04411,55.33691],[21.0518,55.33418],[21.05571,55.32933],[21.05833,55.33119],[21.05292,55.3351],[21.0526,55.33936],[21.06046,55.35034],[21.05622,55.35428],[21.04713,55.35451],[21.03853,55.3588]]],[[[24.94387,55.37756],[24.93905,55.374],[24.92869,55.36959],[24.94504,55.36048],[24.95297,55.36244],[24.95506,55.36736],[24.96264,55.3709],[24.97211,55.37127],[24.97917,55.36942],[24.99227,55.37291],[24.98446,55.37589],[24.96945,55.37534],[24.95373,55.37748],[24.94387,55.37756]]],[[[25.72402,55.365],[25.73916,55.35063],[25.75593,55.35534],[25.76225,55.35569],[25.7624,55.35906],[25.75612,55.3596],[25.75109,55.36192],[25.74082,55.36139],[25.73228,55.36466],[25.72402,55.365]]],[[[22.28863,55.37012],[22.28481,55.36737],[22.2778,55.36525],[22.28613,55.36424],[22.29178,55.36118],[22.29406,55.35402],[22.29183,55.35085],[22.30056,55.34962],[22.31341,55.35339],[22.28863,55.37012]]],[[[25.39847,55.37096],[25.39202,55.36699],[25.38526,55.36527],[25.37344,55.36585],[25.36646,55.3693],[25.34777,55.36479],[25.34684,55.36053],[25.352,55.36159],[25.36145,55.36104],[25.36805,55.35805],[25.37301,55.35327],[25.39021,55.36049],[25.39854,55.36175],[25.39847,55.37096]]],[[[24.86608,55.37386],[24.86365,55.37096],[24.85569,55.36787],[24.83158,55.36512],[24.81896,55.36543],[24.82555,55.35977],[24.82384,55.35327],[24.84362,55.35673],[24.8519,55.35667],[24.85627,55.35821],[24.86377,55.35838],[24.86272,55.36468],[24.86608,55.37386]]],[[[26.66338,55.33892],[26.66117,55.33538],[26.6572,55.33501],[26.6548,55.32855],[26.68091,55.33],[26.70819,55.32558],[26.70724,55.32897],[26.70054,55.32889],[26.69827,55.33029],[26.69237,55.33042],[26.68736,55.33211],[26.68336,55.33129],[26.66848,55.33859],[26.66338,55.33892]]],[[[22.07927,55.35196],[22.06324,55.34115],[22.06818,55.33696],[22.06843,55.33179],[22.09086,55.33237],[22.08999,55.35055],[22.07927,55.35196]]],[[[22.596,55.35607],[22.5913,55.35511],[22.59221,55.34052],[22.60016,55.33859],[22.61432,55.33943],[22.62312,55.33571],[22.62785,55.33576],[22.62459,55.33887],[22.62403,55.34358],[22.6259,55.34652],[22.63131,55.34973],[22.6293,55.35083],[22.62265,55.34941],[22.61041,55.34972],[22.596,55.35607]]],[[[22.37162,55.34722],[22.36654,55.33659],[22.36778,55.33504],[22.37738,55.33157],[22.39322,55.33942],[22.40344,55.34],[22.41377,55.33811],[22.42225,55.34294],[22.41677,55.34197],[22.38957,55.34206],[22.38044,55.34352],[22.37162,55.34722]]],[[[24.46937,55.38142],[24.46418,55.37628],[24.45588,55.37406],[24.46096,55.37022],[24.46209,55.36595],[24.46837,55.36323],[24.47148,55.35918],[24.47969,55.35398],[24.48238,55.34835],[24.4823,55.34117],[24.4854,55.33734],[24.50232,55.33502],[24.51062,55.33723],[24.5044,55.34377],[24.50311,55.36669],[24.49207,55.36628],[24.48538,55.36811],[24.47677,55.37286],[24.47484,55.37691],[24.46937,55.38142]]],[[[26.30865,55.33985],[26.2971,55.33782],[26.29414,55.33428],[26.28768,55.33171],[26.2797,55.3231],[26.28616,55.31893],[26.28904,55.31416],[26.29886,55.31375],[26.29846,55.3205],[26.30544,55.32531],[26.3313,55.32954],[26.32944,55.33137],[26.3201,55.33334],[26.31668,55.33566],[26.31494,55.33951],[26.30865,55.33985]]],[[[22.91248,55.34582],[22.89961,55.34098],[22.88743,55.33953],[22.88315,55.33769],[22.88122,55.3361],[22.88108,55.32711],[22.88659,55.32739],[22.89282,55.33014],[22.90068,55.33089],[22.919,55.33801],[22.91417,55.34179],[22.91248,55.34582]]],[[[24.69688,55.35226],[24.696,55.34688],[24.6912,55.34286],[24.69864,55.34012],[24.71067,55.32972],[24.71811,55.32743],[24.71629,55.33575],[24.71961,55.34494],[24.71093,55.34454],[24.70583,55.3457],[24.69688,55.35226]]],[[[21.55087,55.32071],[21.55252,55.31311],[21.55596,55.30846],[21.56429,55.3075],[21.56958,55.30469],[21.58216,55.30516],[21.58277,55.30809],[21.57852,55.31318],[21.57335,55.31397],[21.55999,55.31977],[21.55087,55.32071]]],[[[22.12134,55.3461],[22.12308,55.31782],[22.12682,55.31361],[22.15515,55.31426],[22.14868,55.3263],[22.13325,55.34448],[22.12134,55.3461]]],[[[22.84057,55.33819],[22.83048,55.33293],[22.82146,55.33172],[22.81328,55.3285],[22.79204,55.32716],[22.78689,55.32824],[22.78127,55.33155],[22.77709,55.32657],[22.78189,55.32414],[22.78853,55.32623],[22.79919,55.32544],[22.80744,55.32597],[22.81408,55.32805],[22.82078,55.32812],[22.82752,55.32639],[22.83435,55.32196],[22.83614,55.32804],[22.84699,55.33443],[22.84452,55.338],[22.84057,55.33819]]],[[[24.29798,55.35725],[24.29795,55.35344],[24.29477,55.34962],[24.29081,55.34761],[24.28292,55.34628],[24.27371,55.32452],[24.27446,55.31957],[24.28632,55.32561],[24.28713,55.32831],[24.29346,55.33278],[24.29627,55.33862],[24.30301,55.34489],[24.30231,55.35679],[24.29798,55.35725]]],[[[25.65393,55.3298],[25.64826,55.32628],[25.64073,55.32526],[25.64859,55.31527],[25.65322,55.31274],[25.65502,55.3089],[25.66514,55.30584],[25.67735,55.3059],[25.67089,55.3116],[25.66851,55.32062],[25.66395,55.3245],[25.66333,55.32855],[25.65393,55.3298]]],[[[26.48852,55.31655],[26.47247,55.31193],[26.47612,55.30714],[26.48171,55.2895],[26.49029,55.2882],[26.49714,55.29705],[26.49056,55.29876],[26.48536,55.30381],[26.48529,55.30897],[26.48827,55.31251],[26.48852,55.31655]]],[[[26.10241,55.31594],[26.09486,55.31472],[26.07779,55.30468],[26.07714,55.29975],[26.07141,55.29558],[26.07214,55.29444],[26.07486,55.29372],[26.07892,55.29613],[26.08409,55.29716],[26.09234,55.29679],[26.0989,55.29421],[26.10107,55.29799],[26.11542,55.30875],[26.10845,55.3109],[26.10241,55.31594]]],[[[25.26903,55.31936],[25.25866,55.31542],[25.24052,55.31471],[25.24459,55.30636],[25.2564,55.30623],[25.26417,55.30279],[25.26723,55.31241],[25.27249,55.31685],[25.27253,55.3182],[25.26903,55.31936]]],[[[24.33389,55.36075],[24.33411,55.34009],[24.32616,55.33203],[24.32295,55.32507],[24.3174,55.32104],[24.31501,55.31656],[24.30156,55.30895],[24.31495,55.31004],[24.32521,55.31226],[24.33988,55.32435],[24.34859,55.32882],[24.34902,55.33331],[24.36303,55.3564],[24.3512,55.35711],[24.33941,55.36074],[24.33389,55.36075]]],[[[26.83302,55.29646],[26.8271,55.29637],[26.81757,55.28962],[26.808,55.28805],[26.8136,55.28365],[26.81405,55.27892],[26.82336,55.27691],[26.82693,55.27727],[26.82762,55.27591],[26.83492,55.2845],[26.83474,55.29305],[26.83302,55.29646]]],[[[25.18558,55.32154],[25.17606,55.31916],[25.16778,55.31902],[25.17005,55.31585],[25.1694,55.3071],[25.19171,55.30262],[25.19302,55.30687],[25.18562,55.30964],[25.18259,55.31349],[25.18271,55.31753],[25.18558,55.32154]]],[[[21.2826,55.291],[21.28027,55.29049],[21.27904,55.28552],[21.27257,55.28223],[21.26368,55.27979],[21.28102,55.27388],[21.28682,55.27536],[21.28976,55.27835],[21.28722,55.28683],[21.2826,55.291]]],[[[24.14846,55.43681],[24.0979,55.43574],[24.09118,55.43462],[24.08841,55.43283],[24.08444,55.42564],[24.07693,55.4216],[24.08601,55.41733],[24.08836,55.41014],[24.11163,55.40361],[24.11715,55.40091],[24.1203,55.39709],[24.12028,55.39327],[24.1183,55.39035],[24.11316,55.38744],[24.10093,55.38632],[24.06978,55.39488],[24.07016,55.38994],[24.06699,55.38253],[24.07567,55.3814],[24.08198,55.3787],[24.08512,55.37488],[24.08512,55.37106],[24.08195,55.36725],[24.07564,55.36456],[24.0646,55.36411],[24.05632,55.36524],[24.05079,55.35985],[24.04367,55.34256],[24.03579,55.33807],[24.03776,55.33537],[24.03617,55.32662],[24.04405,55.32616],[24.05035,55.32347],[24.05428,55.31852],[24.05428,55.31381],[24.04876,55.30864],[24.03773,55.30618],[24.03773,55.30348],[24.04796,55.30393],[24.05387,55.30258],[24.05545,55.30639],[24.06136,55.31021],[24.06373,55.31605],[24.06846,55.31964],[24.07516,55.32143],[24.08304,55.32143],[24.09605,55.32591],[24.07833,55.32884],[24.06928,55.33536],[24.0685,55.3412],[24.07166,55.34502],[24.09298,55.35938],[24.09417,55.36432],[24.09891,55.36791],[24.10838,55.37015],[24.11588,55.37014],[24.12731,55.36788],[24.13636,55.36271],[24.14385,55.36225],[24.14662,55.36517],[24.14781,55.36718],[24.13994,55.37169],[24.13917,55.3773],[24.14275,55.38538],[24.14947,55.38874],[24.14159,55.39167],[24.13844,55.3955],[24.13967,55.40672],[24.14562,55.41458],[24.15041,55.42985],[24.14846,55.43681]]],[[[26.57196,55.3092],[26.56277,55.30715],[26.5525,55.30669],[26.54908,55.30249],[26.54509,55.28932],[26.55652,55.28346],[26.5583,55.2805],[26.55674,55.2747],[26.57363,55.27412],[26.60536,55.28984],[26.60603,55.30017],[26.59154,55.30137],[26.57779,55.30796],[26.57196,55.3092]]],[[[25.76814,55.31091],[25.75983,55.3099],[25.75693,55.3068],[25.74705,55.30582],[25.74302,55.30385],[25.74053,55.30097],[25.73572,55.29902],[25.73349,55.29298],[25.72586,55.2895],[25.7388,55.28841],[25.75522,55.29469],[25.76507,55.295],[25.77168,55.29311],[25.77889,55.28694],[25.79288,55.30044],[25.80302,55.30703],[25.80277,55.31017],[25.79118,55.30653],[25.77935,55.30603],[25.77428,55.30722],[25.76814,55.31091]]],[[[24.15713,55.32989],[24.15119,55.32204],[24.15782,55.3072],[24.16491,55.30742],[24.17238,55.30539],[24.17749,55.30156],[24.17864,55.29617],[24.18258,55.29594],[24.19047,55.30042],[24.19795,55.30086],[24.19206,55.30356],[24.15713,55.32989]]],[[[24.19479,55.37812],[24.19675,55.3752],[24.19474,55.36779],[24.1896,55.36488],[24.17894,55.36288],[24.17339,55.35525],[24.17574,55.35232],[24.17689,55.34514],[24.21967,55.31272],[24.22043,55.30711],[24.21845,55.30419],[24.21095,55.30061],[24.20346,55.30017],[24.21014,55.29679],[24.21248,55.2932],[24.2176,55.29296],[24.22431,55.29632],[24.23809,55.29764],[24.2393,55.30235],[24.23066,55.30552],[24.22753,55.30934],[24.22755,55.31316],[24.23072,55.31697],[24.23704,55.31965],[24.24256,55.32009],[24.24268,55.34031],[24.23679,55.34414],[24.23604,55.34998],[24.24159,55.35513],[24.2483,55.35692],[24.25461,55.3569],[24.25462,55.35892],[24.24676,55.36231],[24.24397,55.35782],[24.23646,55.35424],[24.2266,55.35381],[24.2203,55.35517],[24.2148,55.35833],[24.21284,55.36125],[24.21326,55.36552],[24.20737,55.36934],[24.2074,55.37608],[24.19479,55.37812]]],[[[23.78534,55.30532],[23.75936,55.30437],[23.76572,55.29383],[23.77989,55.29453],[23.7921,55.29253],[23.78696,55.29679],[23.78534,55.30532]]],[[[22.61232,55.31784],[22.60803,55.31667],[22.60054,55.31681],[22.59884,55.30915],[22.59308,55.30504],[22.59677,55.30082],[22.59614,55.28509],[22.60096,55.28245],[22.6045,55.28249],[22.60875,55.29601],[22.6149,55.30035],[22.62666,55.30161],[22.63341,55.30011],[22.653,55.3028],[22.66521,55.30271],[22.66554,55.30473],[22.64619,55.30632],[22.63944,55.30804],[22.63417,55.31225],[22.63437,55.31809],[22.61232,55.31784]]],[[[24.65835,55.31115],[24.65002,55.30692],[24.64908,55.29794],[24.64269,55.29236],[24.6466,55.29077],[24.65643,55.29027],[24.66269,55.28754],[24.66237,55.29203],[24.66438,55.29494],[24.66955,55.29783],[24.67548,55.29915],[24.66144,55.30731],[24.65835,55.31115]]],[[[25.95966,55.30484],[25.9502,55.30476],[25.94616,55.30258],[25.93979,55.30134],[25.91857,55.30212],[25.90475,55.30144],[25.89433,55.29756],[25.8922,55.29422],[25.88652,55.29071],[25.87498,55.28797],[25.8553,55.28805],[25.84715,55.29064],[25.82242,55.29214],[25.81016,55.28221],[25.80516,55.27599],[25.82508,55.27278],[25.86527,55.27397],[25.88116,55.27709],[25.90553,55.27649],[25.90889,55.28093],[25.91888,55.28414],[25.9283,55.28355],[25.9352,55.27984],[25.93874,55.27979],[25.94241,55.28242],[25.94919,55.28411],[25.95705,55.28399],[25.96481,55.28162],[25.9668,55.29012],[25.975,55.29673],[25.96919,55.29862],[25.97091,55.30151],[25.96658,55.30158],[25.95966,55.30484]]],[[[23.8302,55.31303],[23.82431,55.30875],[23.81644,55.30739],[23.81766,55.29774],[23.81453,55.29391],[23.80707,55.29098],[23.79605,55.29119],[23.81379,55.2847],[23.81811,55.28696],[23.82558,55.28831],[23.83572,55.31056],[23.8302,55.31303]]],[[[24.32979,55.29406],[24.3156,55.29162],[24.31751,55.28511],[24.31235,55.27995],[24.33082,55.27698],[24.3391,55.27876],[24.35168,55.27738],[24.35648,55.28612],[24.34624,55.28548],[24.34114,55.28661],[24.32979,55.29406]]],[[[21.2642,55.278],[21.26496,55.26701],[21.27083,55.26175],[21.27295,55.25371],[21.2704,55.25073],[21.26456,55.24992],[21.26192,55.24829],[21.26394,55.24744],[21.26326,55.24585],[21.27036,55.24556],[21.28148,55.24985],[21.29622,55.25288],[21.30185,55.25682],[21.29427,55.25845],[21.28887,55.2626],[21.28847,55.26843],[21.29329,55.27281],[21.28884,55.27451],[21.28028,55.27319],[21.2642,55.278]]],[[[26.53101,55.27231],[26.5281,55.26361],[26.52856,55.25236],[26.5268,55.24948],[26.53228,55.24892],[26.5527,55.25456],[26.56832,55.25288],[26.574,55.25546],[26.55373,55.25836],[26.54699,55.26367],[26.5482,55.27038],[26.53835,55.27014],[26.53101,55.27231]]],[[[25.29687,55.30357],[25.29587,55.29706],[25.29256,55.29193],[25.30423,55.28776],[25.31602,55.28719],[25.32578,55.28484],[25.3315,55.27938],[25.32928,55.27177],[25.33658,55.26652],[25.33858,55.26762],[25.33556,55.27125],[25.32882,55.29334],[25.30915,55.29378],[25.30407,55.29495],[25.29905,55.29793],[25.29687,55.30357]]],[[[26.13691,55.29086],[26.13198,55.28712],[26.13471,55.28663],[26.13836,55.28858],[26.14463,55.28802],[26.14761,55.28483],[26.14704,55.28169],[26.1428,55.28334],[26.14112,55.28135],[26.1426,55.27952],[26.13902,55.27891],[26.13554,55.2801],[26.13484,55.28168],[26.12897,55.28223],[26.12577,55.28139],[26.12565,55.27915],[26.13826,55.26477],[26.13822,55.25668],[26.14017,55.25643],[26.13777,55.25557],[26.1381,55.25444],[26.14679,55.25519],[26.15057,55.2522],[26.15226,55.25442],[26.14101,55.26472],[26.14171,55.27033],[26.14624,55.27407],[26.15244,55.28676],[26.1459,55.28957],[26.13691,55.29086]]],[[[25.67899,55.27959],[25.65796,55.27539],[25.66418,55.2735],[25.67205,55.27362],[25.67436,55.27247],[25.68073,55.27418],[25.68584,55.27411],[25.69431,55.26972],[25.70098,55.26918],[25.70662,55.26303],[25.70194,55.264],[25.69897,55.26831],[25.69463,55.26792],[25.68264,55.2728],[25.67906,55.27195],[25.68481,55.26828],[25.69064,55.26663],[25.70361,55.25724],[25.73358,55.26805],[25.72939,55.27103],[25.70155,55.27344],[25.6845,55.27952],[25.67899,55.27959]]],[[[23.17982,55.28389],[23.16612,55.28043],[23.1559,55.27991],[23.15568,55.27137],[23.15378,55.26844],[23.14638,55.26479],[23.13735,55.26428],[23.13858,55.26182],[23.14527,55.26186],[23.15199,55.26034],[23.16647,55.26336],[23.17789,55.26299],[23.18572,55.26461],[23.17896,55.26816],[23.17574,55.27196],[23.17565,55.276],[23.17982,55.28389]]],[[[25.251,55.27215],[25.2482,55.27083],[25.2484,55.26454],[25.25406,55.25707],[25.25995,55.25678],[25.27145,55.25958],[25.28126,55.25903],[25.28862,55.25536],[25.29118,55.24949],[25.29465,55.25956],[25.2995,55.26355],[25.29837,55.26491],[25.28697,55.26526],[25.27786,55.26333],[25.2696,55.26342],[25.25715,55.26759],[25.251,55.27215]]],[[[25.87904,55.25736],[25.87112,55.25613],[25.82584,55.25502],[25.82281,55.249],[25.82958,55.24238],[25.8387,55.24404],[25.84554,55.24731],[25.85467,55.24919],[25.8637,55.24883],[25.87179,55.24534],[25.88392,55.24403],[25.87904,55.25736]]],[[[24.43651,55.29866],[24.42703,55.29555],[24.41523,55.29627],[24.41433,55.28639],[24.40838,55.28102],[24.39998,55.26802],[24.39123,55.25839],[24.3924,55.25726],[24.40854,55.25878],[24.41833,55.25493],[24.42269,55.25761],[24.43372,55.25982],[24.44159,55.25979],[24.44708,55.25842],[24.45422,55.26423],[24.45112,55.26762],[24.44483,55.26809],[24.43817,55.27103],[24.43391,55.27666],[24.43475,55.28227],[24.4411,55.28652],[24.44623,55.28762],[24.45449,55.28737],[24.47488,55.281],[24.47609,55.28369],[24.4742,55.29044],[24.47661,55.29402],[24.4605,55.29678],[24.43651,55.29866]]],[[[21.46538,55.25875],[21.45179,55.256],[21.45479,55.24595],[21.48184,55.22876],[21.48698,55.2282],[21.49133,55.23413],[21.48954,55.23746],[21.49041,55.24871],[21.47312,55.25465],[21.46538,55.25875]]],[[[23.09284,55.2671],[23.09015,55.26394],[23.08392,55.26119],[23.0745,55.26067],[23.06975,55.26176],[23.06904,55.25861],[23.0644,55.25498],[23.04952,55.2524],[23.04525,55.25034],[23.04606,55.24922],[23.0665,55.24961],[23.06718,55.2541],[23.07181,55.25773],[23.07845,55.25958],[23.08514,55.25963],[23.09426,55.25655],[23.09752,55.25141],[23.10937,55.2488],[23.10513,55.26247],[23.09952,55.26715],[23.09284,55.2671]]],[[[24.57219,55.28934],[24.57099,55.28755],[24.58002,55.28616],[24.58941,55.2823],[24.59522,55.27643],[24.60887,55.26873],[24.6108,55.2658],[24.61028,55.25816],[24.63059,55.2493],[24.6334,55.25288],[24.64171,55.25598],[24.64101,55.26138],[24.63791,55.26386],[24.63718,55.26746],[24.59526,55.27935],[24.58553,55.28614],[24.57845,55.28662],[24.57219,55.28934]]],[[[24.90756,55.27361],[24.8909,55.26744],[24.88262,55.26638],[24.87825,55.26462],[24.88597,55.25782],[24.88506,55.25244],[24.88027,55.2491],[24.88217,55.24639],[24.89159,55.24543],[24.8893,55.24859],[24.89021,55.25397],[24.89619,55.25775],[24.89946,55.26311],[24.90936,55.26619],[24.90756,55.27361]]],[[[25.92123,55.25939],[25.9126,55.25167],[25.91557,55.24803],[25.91967,55.23516],[25.92625,55.23303],[25.93026,55.24285],[25.93561,55.24771],[25.93475,55.25424],[25.93848,55.25822],[25.92123,55.25939]]],[[[24.0841,55.2646],[24.08213,55.26326],[24.08172,55.2527],[24.08919,55.25157],[24.09547,55.24707],[24.09704,55.24707],[24.09705,55.25291],[24.09903,55.25583],[24.10651,55.25942],[24.11949,55.25941],[24.12773,55.25513],[24.13364,55.25737],[24.12067,55.26098],[24.09314,55.26212],[24.0841,55.2646]]],[[[23.73201,55.27332],[23.73325,55.26501],[23.73013,55.26119],[23.72228,55.25803],[23.70381,55.25663],[23.70349,55.24675],[23.70665,55.24429],[23.71055,55.24901],[23.71721,55.25195],[23.74631,55.25179],[23.75335,55.25787],[23.7612,55.26058],[23.76827,55.26149],[23.75526,55.2673],[23.73201,55.27332]]],[[[21.52407,55.23232],[21.52304,55.22354],[21.51707,55.21848],[21.53383,55.21432],[21.54358,55.21564],[21.54249,55.22686],[21.5292,55.23198],[21.52407,55.23232]]],[[[23.61139,55.2575],[23.60276,55.255],[23.59372,55.25407],[23.59139,55.25114],[23.58513,55.24843],[23.5757,55.24795],[23.57137,55.24883],[23.56865,55.24545],[23.58049,55.24145],[23.58682,55.23743],[23.5977,55.24959],[23.60317,55.25276],[23.61535,55.25392],[23.62284,55.25169],[23.62202,55.25551],[23.61139,55.2575]]],[[[25.04845,55.24508],[25.04753,55.23992],[25.05143,55.23876],[25.05643,55.23468],[25.06461,55.23191],[25.07995,55.23223],[25.08216,55.24142],[25.06605,55.24156],[25.04845,55.24508]]],[[[25.18065,55.24836],[25.17145,55.24284],[25.16434,55.24178],[25.15638,55.23849],[25.1434,55.23816],[25.13904,55.23708],[25.11352,55.23821],[25.11217,55.23194],[25.15421,55.23155],[25.17654,55.22909],[25.17981,55.2331],[25.18818,55.23706],[25.18319,55.24115],[25.18065,55.24836]]],[[[26.40115,55.23989],[26.38355,55.23484],[26.37986,55.23221],[26.37467,55.23097],[26.37803,55.22798],[26.37857,55.22393],[26.38326,55.22339],[26.38938,55.22057],[26.39195,55.2176],[26.39213,55.214],[26.39478,55.21238],[26.40116,55.21382],[26.40861,55.21368],[26.43784,55.20972],[26.4353,55.21315],[26.40715,55.2155],[26.39875,55.21949],[26.39696,55.22244],[26.39763,55.22715],[26.40176,55.23044],[26.40442,55.23533],[26.40891,55.23816],[26.40115,55.23989]]],[[[26.71249,55.28459],[26.71539,55.28093],[26.71296,55.27424],[26.70684,55.27101],[26.69401,55.26747],[26.67549,55.26721],[26.66781,55.27007],[26.66219,55.2684],[26.65353,55.26836],[26.6485,55.26959],[26.64245,55.27332],[26.6375,55.26399],[26.63334,55.26048],[26.61061,55.24996],[26.60841,55.24641],[26.60351,55.2436],[26.58982,55.23872],[26.58766,55.23562],[26.58918,55.22885],[26.60216,55.22296],[26.61191,55.21578],[26.6313,55.21784],[26.64072,55.21763],[26.64447,55.23261],[26.64786,55.23635],[26.664,55.24252],[26.67696,55.24223],[26.68456,55.23825],[26.69666,55.2254],[26.69841,55.21053],[26.69296,55.20548],[26.70249,55.20122],[26.70837,55.20671],[26.7298,55.21567],[26.72583,55.238],[26.72928,55.24242],[26.73168,55.24304],[26.73144,55.24529],[26.73463,55.2459],[26.73598,55.24834],[26.74037,55.24936],[26.74345,55.25401],[26.74664,55.25462],[26.74878,55.25142],[26.74965,55.25275],[26.75646,55.25439],[26.75166,55.259],[26.75249,55.26527],[26.7607,55.27025],[26.76987,55.27184],[26.76971,55.27522],[26.75334,55.27761],[26.74725,55.28067],[26.71249,55.28459]]],[[[25.7538,55.2536],[25.74416,55.24902],[25.73704,55.248],[25.72425,55.24324],[25.71606,55.23572],[25.70641,55.23069],[25.68265,55.22653],[25.68221,55.2162],[25.68777,55.21747],[25.69714,55.21599],[25.69876,55.21709],[25.70182,55.21525],[25.70736,55.21607],[25.71162,55.21467],[25.72235,55.21766],[25.7279,55.22769],[25.74546,55.24272],[25.7538,55.2536]]],[[[23.91068,55.24573],[23.90402,55.23742],[23.89895,55.22079],[23.90995,55.22237],[23.91779,55.23226],[23.92091,55.24372],[23.91068,55.24573]]],[[[22.76713,55.24133],[22.75148,55.23893],[22.75167,55.23287],[22.74864,55.22902],[22.74244,55.22626],[22.73421,55.22572],[22.73126,55.21963],[22.72506,55.21687],[22.7184,55.21635],[22.71844,55.215],[22.73499,55.21338],[22.75219,55.21625],[22.75463,55.22616],[22.76704,55.23145],[22.76713,55.24133]]],[[[24.19261,55.2546],[24.1745,55.24946],[24.16542,55.23936],[24.16422,55.23532],[24.1512,55.22209],[24.15,55.21715],[24.15236,55.21647],[24.16378,55.22297],[24.17517,55.22318],[24.17481,55.23059],[24.18152,55.23552],[24.18663,55.23664],[24.20274,55.23571],[24.20433,55.23818],[24.20945,55.24087],[24.21024,55.24199],[24.2016,55.2429],[24.19415,55.24651],[24.19219,55.24943],[24.19261,55.2546]]],[[[23.79354,55.24379],[23.78922,55.24266],[23.77428,55.24331],[23.77116,55.23904],[23.7641,55.2352],[23.75708,55.2271],[23.75476,55.22103],[23.74967,55.2181],[23.74339,55.21697],[23.74537,55.21428],[23.76696,55.21724],[23.77402,55.21928],[23.78267,55.21884],[23.79323,55.22784],[23.79006,55.23166],[23.79004,55.2357],[23.79591,55.2411],[23.79354,55.24379]]],[[[24.40822,55.22779],[24.39167,55.22245],[24.38611,55.21618],[24.38804,55.21303],[24.38759,55.20764],[24.40919,55.20734],[24.40968,55.2161],[24.41408,55.22372],[24.41804,55.22708],[24.40822,55.22779]]],[[[22.45808,55.2221],[22.45204,55.2155],[22.44508,55.21272],[22.43619,55.1989],[22.45354,55.1971],[22.45698,55.19962],[22.46203,55.20103],[22.46458,55.20623],[22.45808,55.2221]]],[[[23.01474,55.22786],[23.01215,55.2211],[22.99862,55.21246],[22.99911,55.20842],[22.99722,55.20548],[22.9879,55.20136],[22.98447,55.19729],[23.01865,55.19667],[23.0205,55.2014],[23.01912,55.20948],[23.0218,55.21242],[23.02762,55.21516],[23.01923,55.22093],[23.01474,55.22786]]],[[[23.21106,55.2367],[23.20218,55.22833],[23.19608,55.21908],[23.19238,55.20805],[23.19369,55.20132],[23.21371,55.20168],[23.23499,55.19799],[23.24536,55.21041],[23.23873,55.2079],[23.23048,55.20762],[23.22536,55.20871],[23.22019,55.2116],[23.21809,55.21855],[23.22578,55.22736],[23.22057,55.23272],[23.21106,55.2367]]],[[[23.9732,55.23633],[23.96888,55.23363],[23.96456,55.23273],[23.96614,55.22307],[23.95946,55.21746],[23.97596,55.21858],[23.98264,55.21679],[23.98814,55.21162],[23.98775,55.20691],[23.98343,55.20309],[23.9909,55.20264],[23.99875,55.19972],[23.99954,55.20286],[24.00503,55.20646],[24.01093,55.21477],[24.007,55.21589],[24.00189,55.22061],[23.99443,55.2233],[23.9732,55.23633]]],[[[25.57849,55.20635],[25.56942,55.20557],[25.56615,55.20224],[25.56017,55.19985],[25.55644,55.19495],[25.56225,55.19286],[25.56095,55.18973],[25.57942,55.19017],[25.57849,55.20635]]],[[[25.77488,55.21488],[25.75402,55.21406],[25.74807,55.20382],[25.74125,55.20054],[25.73016,55.19823],[25.71719,55.18898],[25.72385,55.18866],[25.73668,55.18578],[25.75437,55.1862],[25.75693,55.19088],[25.7618,55.19441],[25.76855,55.19611],[25.78145,55.1948],[25.7784,55.19686],[25.78522,55.19991],[25.78753,55.19897],[25.78696,55.19494],[25.78383,55.19521],[25.78608,55.19293],[25.78485,55.19183],[25.78752,55.18999],[25.78763,55.19246],[25.79039,55.19264],[25.79061,55.18882],[25.79531,55.18853],[25.79903,55.19274],[25.79321,55.2117],[25.79131,55.21307],[25.78423,55.21295],[25.77957,55.21414],[25.77,55.21114],[25.76649,55.21164],[25.76692,55.21253],[25.77561,55.21353],[25.77488,55.21488]]],[[[25.85608,55.22873],[25.83858,55.22428],[25.82951,55.22374],[25.82696,55.21951],[25.82332,55.21732],[25.83047,55.19317],[25.84238,55.1876],[25.84967,55.17536],[25.86149,55.1763],[25.89041,55.19855],[25.91413,55.20986],[25.92048,55.21133],[25.91632,55.21454],[25.89932,55.22065],[25.89206,55.22503],[25.87716,55.22571],[25.85608,55.22873]],[[25.85626,55.21592],[25.86719,55.21418],[25.8674,55.21036],[25.86304,55.20953],[25.85169,55.21037],[25.84978,55.21175],[25.85027,55.21376],[25.85626,55.21592]]],[[[25.93423,55.19494],[25.91376,55.18583],[25.90155,55.17681],[25.90859,55.17625],[25.91865,55.17317],[25.93833,55.17443],[25.94851,55.17382],[25.94567,55.17993],[25.94576,55.18981],[25.94126,55.19415],[25.93423,55.19494]]],[[[22.84314,55.19581],[22.84014,55.19106],[22.83277,55.18807],[22.82414,55.18776],[22.81229,55.19034],[22.80933,55.18425],[22.80981,55.18111],[22.84745,55.18282],[22.84972,55.18576],[22.85398,55.18782],[22.85393,55.18939],[22.8464,55.19202],[22.84314,55.19581]]],[[[24.55914,55.20068],[24.54851,55.19894],[24.53673,55.19899],[24.52558,55.18736],[24.5275,55.1842],[24.52706,55.17994],[24.57123,55.19479],[24.56895,55.20041],[24.55914,55.20068]]],[[[24.12914,55.20324],[24.11656,55.20056],[24.09222,55.20215],[24.08828,55.19901],[24.10595,55.19608],[24.11065,55.19248],[24.1126,55.18821],[24.11809,55.18708],[24.12397,55.18348],[24.12591,55.17764],[24.14982,55.16796],[24.15454,55.17244],[24.14985,55.17739],[24.14987,55.18233],[24.15343,55.18862],[24.1503,55.19244],[24.14992,55.19603],[24.12914,55.20324]]],[[[25.78745,55.1709],[25.7811,55.16942],[25.74138,55.16752],[25.72457,55.16888],[25.72529,55.14933],[25.74207,55.15628],[25.75349,55.15724],[25.7651,55.16246],[25.79106,55.16388],[25.79942,55.16645],[25.79646,55.17054],[25.78745,55.1709]]],[[[24.03879,55.18669],[24.03918,55.17905],[24.03564,55.17231],[24.06271,55.16624],[24.06976,55.16107],[24.08624,55.16263],[24.09214,55.16846],[24.0843,55.17139],[24.07489,55.17746],[24.0639,55.17769],[24.03879,55.18669]]],[[[25.20505,55.17085],[25.19785,55.16643],[25.19686,55.15948],[25.20456,55.15469],[25.21281,55.15505],[25.21307,55.16381],[25.22147,55.16889],[25.20505,55.17085]]],[[[25.06162,55.19353],[25.05254,55.19158],[25.0447,55.19188],[25.04422,55.18851],[25.03893,55.18137],[25.0278,55.1763],[25.01956,55.17614],[25.01449,55.17731],[25.0068,55.18366],[25.00315,55.1792],[25.00466,55.17694],[25.00376,55.172],[25.00919,55.16971],[25.01223,55.16587],[25.01214,55.16205],[25.00807,55.15647],[25.01522,55.15978],[25.02464,55.16015],[25.03127,55.1583],[25.03511,55.15534],[25.04883,55.155],[25.05045,55.15701],[25.04622,55.16019],[25.04556,55.16469],[25.04128,55.16607],[25.03666,55.16971],[25.03602,55.17533],[25.03926,55.17912],[25.04679,55.18197],[25.0566,55.18189],[25.0632,55.17914],[25.07148,55.18041],[25.07137,55.19097],[25.06672,55.19326],[25.06162,55.19353]]],[[[22.31103,55.17747],[22.31125,55.16309],[22.29924,55.15012],[22.30528,55.14661],[22.3184,55.15173],[22.33365,55.15284],[22.33337,55.15958],[22.329,55.16087],[22.32374,55.16461],[22.31938,55.17489],[22.31103,55.17747]]],[[[22.27099,55.17758],[22.2412,55.16772],[22.23825,55.16341],[22.23209,55.16062],[22.21106,55.15717],[22.20322,55.15705],[22.20584,55.15103],[22.21709,55.14513],[22.22534,55.1448],[22.24618,55.15251],[22.26956,55.15622],[22.27254,55.15985],[22.26494,55.16312],[22.26268,55.17005],[22.26489,55.17345],[22.27099,55.17758]]],[[[26.45425,55.15075],[26.44584,55.148],[26.43493,55.14912],[26.43283,55.14691],[26.4264,55.14435],[26.41581,55.14433],[26.41562,55.14119],[26.42176,55.13905],[26.42382,55.14058],[26.43002,55.13933],[26.44071,55.13462],[26.45121,55.13307],[26.4569,55.13632],[26.46002,55.13603],[26.47249,55.14117],[26.46468,55.14178],[26.45969,55.14345],[26.45521,55.14714],[26.45425,55.15075]]],[[[23.17912,55.16529],[23.18233,55.16171],[23.18286,55.15498],[23.17902,55.15069],[23.19092,55.14403],[23.20497,55.14771],[23.20561,55.15468],[23.20868,55.15852],[23.19611,55.15911],[23.18978,55.16176],[23.18697,55.16489],[23.17912,55.16529]]],[[[23.33161,55.17363],[23.32693,55.17158],[23.32066,55.1711],[23.31878,55.16637],[23.31373,55.16342],[23.30159,55.16223],[23.2941,55.16398],[23.28909,55.15924],[23.28245,55.1574],[23.26988,55.15845],[23.26472,55.16134],[23.26071,55.16626],[23.25955,55.16513],[23.26395,55.16089],[23.2641,55.1528],[23.27636,55.14726],[23.27956,55.14368],[23.28497,55.14821],[23.28682,55.15428],[23.29187,55.15723],[23.33642,55.16714],[23.33161,55.17363]]],[[[22.12606,55.17926],[22.12102,55.17806],[22.11805,55.17442],[22.1119,55.17162],[22.10211,55.17102],[22.0938,55.17247],[22.10349,55.16678],[22.10577,55.16007],[22.10015,55.15459],[22.09004,55.15264],[22.09574,55.14823],[22.09873,55.14311],[22.09891,55.1393],[22.09426,55.13001],[22.09842,55.13322],[22.10383,55.13488],[22.10228,55.14272],[22.1041,55.14567],[22.10906,55.14867],[22.11685,55.14991],[22.1107,55.15543],[22.10966,55.16081],[22.11149,55.16376],[22.11645,55.16675],[22.12736,55.16827],[22.12927,55.17773],[22.12606,55.17926]]],[[[24.44985,55.19013],[24.42502,55.18168],[24.4162,55.16352],[24.4043,55.15121],[24.41756,55.1433],[24.44156,55.15085],[24.44868,55.15599],[24.46007,55.15707],[24.48528,55.16574],[24.48451,55.16754],[24.47822,55.16576],[24.46998,55.16602],[24.46217,55.16919],[24.45674,55.17506],[24.44985,55.19013]]],[[[25.44805,55.16237],[25.44372,55.16197],[25.44107,55.15369],[25.44669,55.14644],[25.4489,55.13159],[25.45337,55.13602],[25.4548,55.14297],[25.45198,55.15154],[25.45376,55.15758],[25.44805,55.16237]]],[[[22.88285,55.15215],[22.87423,55.15185],[22.87827,55.14761],[22.8765,55.14064],[22.89018,55.14233],[22.8996,55.14219],[22.90713,55.13934],[22.91037,55.13533],[22.91535,55.13964],[22.92197,55.14149],[22.93021,55.14134],[22.93615,55.13915],[22.94477,55.13922],[22.9515,55.15186],[22.95148,55.15276],[22.94482,55.15225],[22.94296,55.14842],[22.93561,55.14476],[22.91956,55.1435],[22.89322,55.14573],[22.88688,55.14837],[22.88285,55.15215]]],[[[25.60503,55.17276],[25.60501,55.16265],[25.60861,55.16418],[25.61329,55.16344],[25.61207,55.16256],[25.61482,55.16252],[25.61818,55.15821],[25.62134,55.15884],[25.62677,55.15742],[25.64329,55.15832],[25.65065,55.15598],[25.66205,55.1565],[25.66941,55.15437],[25.67285,55.15208],[25.67577,55.14687],[25.67462,55.13835],[25.67041,55.13145],[25.67862,55.13066],[25.68362,55.12857],[25.68458,55.1326],[25.68272,55.1351],[25.68197,55.14521],[25.68527,55.14899],[25.69283,55.15158],[25.69323,55.16101],[25.68409,55.15821],[25.66683,55.15823],[25.66178,55.15942],[25.65372,55.1638],[25.64129,55.16689],[25.63208,55.17195],[25.62093,55.16806],[25.61903,55.16965],[25.61349,55.16838],[25.61197,55.16975],[25.60883,55.16979],[25.60698,55.17251],[25.60503,55.17276]]],[[[23.44536,55.17779],[23.43047,55.17615],[23.41948,55.17588],[23.42425,55.17141],[23.42434,55.16557],[23.42163,55.16263],[23.41189,55.15832],[23.41162,55.14978],[23.40621,55.14482],[23.41059,55.14034],[23.41729,55.13791],[23.41953,55.14555],[23.42732,55.14918],[23.42796,55.15952],[23.44536,55.17779]]],[[[25.15484,55.14461],[25.14848,55.14175],[25.13906,55.14139],[25.12878,55.13834],[25.11936,55.1382],[25.10789,55.13449],[25.12504,55.13096],[25.14089,55.13688],[25.14913,55.13703],[25.1569,55.13448],[25.1711,55.13749],[25.16725,55.14],[25.16542,55.14428],[25.15484,55.14461]]],[[[23.13834,55.14569],[23.13444,55.14476],[23.13765,55.14119],[23.13774,55.13715],[23.13204,55.1288],[23.14176,55.13246],[23.15,55.13229],[23.15789,55.12988],[23.16691,55.12971],[23.16328,55.13441],[23.15098,55.14128],[23.14429,55.14236],[23.13834,55.14569]]],[[[24.95126,55.14277],[24.93665,55.1384],[24.93755,55.12693],[24.95169,55.12795],[24.95947,55.12541],[24.95774,55.13509],[24.95126,55.14277]]],[[[22.59224,55.25067],[22.58295,55.24675],[22.56374,55.24517],[22.56581,55.24228],[22.56521,55.23688],[22.55986,55.23277],[22.55287,55.23044],[22.5399,55.23029],[22.53352,55.23291],[22.53023,55.23691],[22.52356,55.23638],[22.52012,55.23387],[22.52895,55.22904],[22.53172,55.21784],[22.52872,55.21398],[22.52253,55.21121],[22.51312,55.21065],[22.50798,55.21171],[22.50276,55.21457],[22.50024,55.21903],[22.4911,55.22161],[22.49505,55.21065],[22.49985,55.20846],[22.50555,55.20314],[22.50654,55.19754],[22.51135,55.19513],[22.51349,55.19021],[22.52291,55.19033],[22.53286,55.18685],[22.53854,55.18175],[22.53869,55.17771],[22.53568,55.17408],[22.55107,55.17179],[22.55628,55.16894],[22.55834,55.16604],[22.55775,55.16064],[22.55163,55.1563],[22.53834,55.15502],[22.52414,55.15709],[22.52308,55.15394],[22.53573,55.15139],[22.5459,55.15219],[22.555,55.15005],[22.56142,55.14586],[22.56241,55.14026],[22.56483,55.13849],[22.58381,55.13377],[22.59469,55.12558],[22.59945,55.12384],[22.61554,55.12335],[22.62896,55.12058],[22.63297,55.11815],[22.6568,55.12044],[22.65734,55.12764],[22.65521,55.13278],[22.64772,55.13404],[22.64253,55.13668],[22.63762,55.14269],[22.63207,55.14443],[22.62603,55.14908],[22.62058,55.14767],[22.61196,55.14757],[22.60247,55.14971],[22.594,55.15635],[22.59375,55.16353],[22.58545,55.16523],[22.5802,55.16944],[22.57999,55.17528],[22.58494,55.1796],[22.59738,55.18312],[22.60797,55.18324],[22.6139,55.18196],[22.61927,55.18561],[22.62669,55.18682],[22.62844,55.19291],[22.63579,55.19636],[22.6369,55.19817],[22.62979,55.19944],[22.62459,55.2023],[22.62244,55.20766],[22.61601,55.21186],[22.61503,55.21724],[22.6169,55.22018],[22.6219,55.22316],[22.62697,55.22434],[22.63601,55.22421],[22.64026,55.22628],[22.63463,55.23004],[22.63366,55.23564],[22.63667,55.2395],[22.64286,55.24249],[22.63845,55.24491],[22.62861,55.24525],[22.61589,55.24915],[22.60568,55.24881],[22.59224,55.25067]]],[[[22.18569,55.13703],[22.17078,55.13725],[22.16498,55.13537],[22.15634,55.13569],[22.15503,55.13005],[22.16018,55.12878],[22.16551,55.12369],[22.18397,55.11431],[22.19269,55.11219],[22.20828,55.11422],[22.20968,55.11784],[22.21422,55.1215],[22.21925,55.12314],[22.22745,55.12371],[22.22972,55.12554],[22.22145,55.12655],[22.21377,55.12284],[22.2024,55.1229],[22.19479,55.12638],[22.19254,55.13286],[22.18569,55.13703]]],[[[23.23723,55.14253],[23.2241,55.13211],[23.21551,55.13026],[23.22899,55.12248],[23.23793,55.12614],[23.24176,55.13088],[23.24358,55.1383],[23.23723,55.14253]]],[[[24.01444,55.15704],[24.01091,55.1512],[24.00071,55.14806],[24.00424,55.14469],[24.00463,55.13997],[23.99758,55.13346],[23.99914,55.13076],[23.99836,55.12537],[23.99131,55.12111],[24.00032,55.11774],[24.01051,55.12043],[24.0113,55.12515],[24.01757,55.12941],[24.02267,55.13054],[24.03168,55.13031],[24.03639,55.133],[24.03914,55.13907],[24.03758,55.15277],[24.01444,55.15704]]],[[[24.4944,55.14167],[24.49004,55.13809],[24.48492,55.13654],[24.47669,55.13635],[24.46927,55.13884],[24.46258,55.13707],[24.44132,55.12884],[24.42323,55.12374],[24.42317,55.11812],[24.43807,55.11852],[24.44707,55.11737],[24.45487,55.11442],[24.46732,55.10606],[24.48534,55.10644],[24.49127,55.11023],[24.50542,55.11399],[24.51302,55.12654],[24.50219,55.13737],[24.4944,55.14167]],[[24.46609,55.13504],[24.47823,55.13387],[24.48483,55.1289],[24.48517,55.12418],[24.48317,55.12127],[24.4745,55.11749],[24.46314,55.11775],[24.4569,55.12047],[24.45419,55.1234],[24.45385,55.12812],[24.45585,55.13103],[24.46098,55.13394],[24.46609,55.13504]]],[[[22.14469,55.10788],[22.14369,55.10404],[22.1477,55.09355],[22.15606,55.09075],[22.1598,55.08609],[22.1631,55.09086],[22.16267,55.10029],[22.15298,55.10643],[22.14469,55.10788]]],[[[24.07163,55.1112],[24.03911,55.10942],[24.03323,55.1074],[24.05634,55.10065],[24.07983,55.09794],[24.08102,55.10131],[24.08533,55.10468],[24.07163,55.1112]]],[[[23.63696,55.12663],[23.63544,55.12168],[23.62883,55.11582],[23.62889,55.10953],[23.64261,55.108],[23.65285,55.10197],[23.67598,55.10068],[23.68579,55.09734],[23.68498,55.10183],[23.65479,55.104],[23.64497,55.10734],[23.6418,55.11115],[23.64324,55.12597],[23.63696,55.12663]]],[[[22.1059,55.10773],[22.09425,55.10553],[22.09693,55.0986],[22.10229,55.09285],[22.10189,55.08475],[22.10954,55.08038],[22.11642,55.09239],[22.11213,55.10019],[22.1119,55.10513],[22.1059,55.10773]]],[[[25.06118,55.11783],[25.05604,55.11608],[25.05016,55.11591],[25.04808,55.11121],[25.04212,55.10834],[25.04238,55.10295],[25.04861,55.10177],[25.05477,55.09745],[25.0554,55.09183],[25.05337,55.08892],[25.05881,55.08753],[25.06204,55.09087],[25.06876,55.09351],[25.07364,55.1002],[25.07388,55.10896],[25.06118,55.11783]]],[[[23.85968,55.10553],[23.85342,55.10305],[23.84599,55.09787],[23.83543,55.09382],[23.83898,55.08888],[23.85975,55.08576],[23.8566,55.08958],[23.85968,55.10553]]],[[[22.42824,55.1815],[22.42678,55.17879],[22.42179,55.17581],[22.40928,55.17452],[22.40474,55.17019],[22.39815,55.16831],[22.39148,55.16822],[22.38474,55.16993],[22.37989,55.17346],[22.37894,55.17749],[22.3641,55.17549],[22.36492,55.13642],[22.37105,55.12055],[22.37663,55.11838],[22.37992,55.1146],[22.38009,55.11034],[22.37672,55.10647],[22.38027,55.09619],[22.39098,55.09296],[22.40349,55.09357],[22.41611,55.09149],[22.42094,55.08796],[22.42194,55.08258],[22.41634,55.07554],[22.42655,55.07478],[22.43124,55.07506],[22.42664,55.08264],[22.42721,55.08804],[22.43176,55.09169],[22.43991,55.09382],[22.44932,55.09349],[22.4557,55.09065],[22.47868,55.09386],[22.48691,55.09396],[22.49204,55.0929],[22.49725,55.08982],[22.50702,55.09039],[22.51215,55.08933],[22.51817,55.08536],[22.52591,55.08793],[22.53453,55.08781],[22.54088,55.08541],[22.55805,55.08719],[22.5595,55.09035],[22.55695,55.09594],[22.52431,55.12071],[22.51889,55.1294],[22.51295,55.1309],[22.50652,55.13509],[22.50443,55.13866],[22.49527,55.14236],[22.48939,55.15263],[22.47641,55.15359],[22.46443,55.15905],[22.46221,55.16576],[22.46667,55.17233],[22.45387,55.17846],[22.42824,55.1815]]],[[[24.43395,55.09989],[24.42454,55.09948],[24.43933,55.09089],[24.44006,55.0855],[24.43806,55.08146],[24.44394,55.08256],[24.44627,55.08121],[24.45293,55.08118],[24.4565,55.08476],[24.46197,55.08407],[24.45225,55.09017],[24.44522,55.09222],[24.43395,55.09989]]],[[[26.2268,55.08907],[26.22972,55.0852],[26.22739,55.0785],[26.22214,55.07568],[26.21109,55.07408],[26.20903,55.07232],[26.21722,55.07172],[26.22333,55.06891],[26.22738,55.06435],[26.22756,55.06052],[26.23541,55.06083],[26.23364,55.06423],[26.23472,55.0696],[26.23962,55.07311],[26.2448,55.07481],[26.23953,55.0785],[26.23901,55.08323],[26.2268,55.08907]]],[[[24.92379,55.10817],[24.90614,55.1074],[24.89868,55.10634],[24.89865,55.10521],[24.9052,55.10045],[24.9046,55.09102],[24.91123,55.08985],[24.9151,55.08779],[24.91777,55.08485],[24.91807,55.08058],[24.92574,55.07356],[24.93118,55.07195],[24.93333,55.08024],[24.92753,55.08343],[24.9245,55.08772],[24.92379,55.10817]]],[[[22.2414,55.09179],[22.23791,55.09107],[22.23485,55.08046],[22.24354,55.06981],[22.24426,55.06218],[22.25482,55.06255],[22.2513,55.08025],[22.2535,55.08365],[22.26072,55.08892],[22.2414,55.09179]]],[[[25.14896,55.11749],[25.13431,55.11223],[25.12833,55.10869],[25.12984,55.10643],[25.1289,55.10083],[25.1241,55.09728],[25.12015,55.09619],[25.12279,55.09257],[25.12182,55.08584],[25.12956,55.08285],[25.13259,55.079],[25.13165,55.07362],[25.12605,55.06918],[25.13584,55.06931],[25.14285,55.06813],[25.14021,55.07152],[25.14073,55.07623],[25.13261,55.0799],[25.13085,55.08666],[25.13328,55.08955],[25.13303,55.09472],[25.13507,55.09762],[25.14025,55.1005],[25.14536,55.10135],[25.14311,55.10474],[25.14323,55.109],[25.15012,55.1168],[25.14896,55.11749]]],[[[23.95685,55.0883],[23.94904,55.07527],[23.94944,55.06562],[23.95844,55.06966],[23.96979,55.07011],[23.97605,55.07349],[23.97487,55.07955],[23.97761,55.08359],[23.95685,55.0883]]],[[[24.37941,55.08997],[24.36374,55.08979],[24.37075,55.08528],[24.37187,55.07943],[24.38782,55.06928],[24.38973,55.06478],[24.39285,55.06365],[24.39717,55.06453],[24.40734,55.06382],[24.40855,55.06809],[24.40506,55.07079],[24.40431,55.07439],[24.39535,55.07824],[24.39226,55.08251],[24.38679,55.08433],[24.37941,55.08997]]],[[[26.07099,55.06801],[26.05724,55.05948],[26.0535,55.05527],[26.05616,55.04602],[26.0832,55.0469],[26.09753,55.04396],[26.10139,55.05041],[26.09323,55.05167],[26.0883,55.05468],[26.0865,55.05763],[26.08879,55.06411],[26.07598,55.06612],[26.07099,55.06801]]],[[[25.6405,55.06176],[25.6277,55.06441],[25.6292,55.06281],[25.63622,55.06227],[25.62901,55.05832],[25.63099,55.05875],[25.63673,55.05552],[25.63119,55.05403],[25.6247,55.05816],[25.61841,55.05734],[25.6181,55.05937],[25.61492,55.05829],[25.61366,55.05606],[25.61015,55.05633],[25.60901,55.05724],[25.61066,55.05924],[25.61698,55.06073],[25.62218,55.06358],[25.61314,55.06258],[25.60603,55.06087],[25.60242,55.05868],[25.60656,55.05458],[25.6072,55.05098],[25.61784,55.05286],[25.628,55.05272],[25.63538,55.05127],[25.6405,55.06176]]],[[[22.07947,55.07047],[22.07068,55.06607],[22.05974,55.06567],[22.06079,55.06007],[22.07121,55.04698],[22.08644,55.03935],[22.09198,55.03809],[22.10243,55.04028],[22.09874,55.04404],[22.09035,55.0475],[22.08826,55.05039],[22.08842,55.05534],[22.09329,55.05991],[22.10097,55.06295],[22.10649,55.07045],[22.09995,55.06787],[22.09175,55.06752],[22.07947,55.07047]]],[[[24.71536,55.0651],[24.71455,55.06308],[24.7215,55.0581],[24.72181,55.05338],[24.71861,55.04958],[24.71309,55.04737],[24.71425,55.04624],[24.724,55.04483],[24.73342,55.04657],[24.74945,55.04625],[24.7616,55.0473],[24.76207,55.05134],[24.76052,55.05225],[24.74839,55.05232],[24.74102,55.05529],[24.73796,55.05912],[24.73766,55.06429],[24.73215,55.06253],[24.72353,55.06235],[24.71536,55.0651]]],[[[24.05394,55.06831],[24.04416,55.06719],[24.0422,55.06337],[24.0281,55.05484],[24.02653,55.05035],[24.03788,55.05394],[24.04766,55.05439],[24.05705,55.05101],[24.06095,55.04495],[24.06408,55.04539],[24.06605,55.05078],[24.07819,55.05639],[24.07467,55.05954],[24.07429,55.06336],[24.06294,55.06426],[24.05394,55.06831]]],[[[23.75731,55.05954],[23.73228,55.05747],[23.719,55.05452],[23.71549,55.05227],[23.72216,55.04914],[23.72848,55.04151],[23.73473,55.04175],[23.74254,55.04379],[23.74447,55.04851],[23.75305,55.05235],[23.75889,55.05708],[23.75731,55.05954]]],[[[25.94337,55.08426],[25.93421,55.08104],[25.92133,55.07383],[25.9134,55.07171],[25.90451,55.06601],[25.89937,55.06496],[25.88923,55.06557],[25.87838,55.05967],[25.87854,55.05473],[25.87442,55.0503],[25.87207,55.0418],[25.90212,55.04852],[25.91228,55.04836],[25.92856,55.04518],[25.9391,55.04457],[25.94635,55.04086],[25.94848,55.03633],[25.94857,55.03004],[25.94227,55.02115],[25.9507,55.01765],[25.97877,55.0318],[25.98825,55.03366],[25.97907,55.03786],[25.97726,55.04081],[25.97788,55.04552],[25.98477,55.05035],[25.99581,55.05196],[25.99846,55.05799],[26.00172,55.06063],[26.00057,55.0611],[25.99568,55.05736],[25.99052,55.05587],[25.9823,55.05578],[25.97727,55.05698],[25.97085,55.06181],[25.97163,55.06966],[25.9664,55.07468],[25.94337,55.08426]]],[[[25.84703,55.02488],[25.83956,55.02387],[25.83,55.0202],[25.81984,55.02035],[25.81935,55.00935],[25.83352,55.01161],[25.84344,55.01483],[25.85364,55.01557],[25.85228,55.01986],[25.84703,55.02488]]],[[[25.66203,55.02396],[25.66617,55.02008],[25.66669,55.01378],[25.68194,55.0138],[25.69152,55.00917],[25.71264,55.00955],[25.71287,55.01494],[25.70567,55.02021],[25.68586,55.0234],[25.66203,55.02396]]],[[[25.89754,55.15845],[25.85489,55.15259],[25.84393,55.15298],[25.83737,55.15555],[25.8306,55.15318],[25.82157,55.15309],[25.80285,55.14686],[25.78628,55.14463],[25.78693,55.1417],[25.7947,55.14001],[25.79826,55.14063],[25.79897,55.13905],[25.79738,55.13862],[25.80431,55.13583],[25.80307,55.13427],[25.79726,55.13593],[25.7962,55.13864],[25.78654,55.1417],[25.78377,55.1413],[25.78233,55.14401],[25.77994,55.14337],[25.77883,55.14474],[25.77677,55.14252],[25.76958,55.13971],[25.75464,55.1388],[25.74495,55.13242],[25.72723,55.13065],[25.73446,55.12561],[25.75721,55.12573],[25.76316,55.12744],[25.77725,55.12679],[25.78456,55.12376],[25.78752,55.1199],[25.78648,55.11407],[25.77962,55.10968],[25.76504,55.10787],[25.74623,55.10769],[25.74218,55.10483],[25.73348,55.10293],[25.72506,55.09856],[25.72582,55.09787],[25.72903,55.09963],[25.73373,55.09956],[25.73458,55.10112],[25.7404,55.09991],[25.74397,55.10099],[25.74904,55.10024],[25.76136,55.10433],[25.77345,55.10303],[25.77989,55.098],[25.77964,55.09238],[25.76939,55.0822],[25.76501,55.07148],[25.76174,55.06838],[25.75415,55.0649],[25.75121,55.06045],[25.75842,55.05517],[25.75811,55.04821],[25.75326,55.04469],[25.74458,55.04302],[25.74015,55.03994],[25.74639,55.03962],[25.74926,55.0425],[25.75944,55.0428],[25.76086,55.03941],[25.73804,55.03637],[25.74239,55.02845],[25.74979,55.02789],[25.75706,55.02419],[25.75871,55.0172],[25.75501,55.01299],[25.76158,55.01132],[25.76873,55.00493],[25.77751,55.00907],[25.7881,55.00981],[25.78735,55.01948],[25.77497,55.02236],[25.76853,55.02717],[25.76799,55.03257],[25.77128,55.03634],[25.77806,55.03916],[25.79781,55.04337],[25.8064,55.04301],[25.81719,55.03948],[25.83332,55.04149],[25.84008,55.04386],[25.84319,55.0519],[25.83364,55.05699],[25.82996,55.06221],[25.83064,55.06849],[25.83395,55.07226],[25.84428,55.0757],[25.85094,55.07559],[25.85672,55.07371],[25.85949,55.07434],[25.88034,55.0848],[25.90366,55.08916],[25.92576,55.10094],[25.92316,55.1039],[25.91429,55.10674],[25.90896,55.10997],[25.89428,55.11447],[25.88875,55.11365],[25.8649,55.11492],[25.85328,55.11779],[25.83029,55.12084],[25.81738,55.13002],[25.81687,55.13609],[25.82018,55.13986],[25.82658,55.14246],[25.836,55.14277],[25.84412,55.14017],[25.84826,55.13652],[25.86194,55.13541],[25.8724,55.13278],[25.88451,55.13169],[25.89438,55.13311],[25.90338,55.13275],[25.92655,55.12542],[25.94915,55.1145],[25.95244,55.11759],[25.95787,55.12447],[25.95799,55.12694],[25.95236,55.1322],[25.95341,55.13757],[25.95989,55.14174],[25.97092,55.14268],[25.97263,55.14557],[25.96815,55.15014],[25.96576,55.15737],[25.9535,55.15554],[25.9398,55.15621],[25.9319,55.15499],[25.91035,55.15555],[25.89754,55.15845]]],[[[25.16768,55.04722],[25.16944,55.04024],[25.16501,55.03579],[25.1724,55.0346],[25.17196,55.03303],[25.17621,55.03097],[25.17292,55.02561],[25.15808,55.0262],[25.155,55.02803],[25.15164,55.03345],[25.1462,55.03462],[25.13982,55.03042],[25.12921,55.02872],[25.1284,55.0276],[25.14717,55.02765],[25.15257,55.02513],[25.16267,55.02279],[25.16878,55.01756],[25.17806,55.01433],[25.18032,55.01139],[25.19324,55.01193],[25.19299,55.01688],[25.19504,55.01978],[25.20533,55.02417],[25.19989,55.02535],[25.1949,55.02832],[25.19303,55.03125],[25.19438,55.03708],[25.19135,55.04048],[25.18473,55.04167],[25.17937,55.04531],[25.16768,55.04722]]],[[[24.59623,55.02823],[24.5837,55.02717],[24.58907,55.01995],[24.60354,55.02033],[24.61442,55.01578],[24.62497,55.01551],[24.63516,55.01747],[24.63757,55.0215],[24.63446,55.02242],[24.59623,55.02823]]],[[[24.48408,55.03412],[24.48089,55.02919],[24.47695,55.02718],[24.4699,55.02586],[24.49485,55.01947],[24.50501,55.01943],[24.51825,55.01533],[24.51907,55.01847],[24.52381,55.02205],[24.5297,55.02382],[24.53791,55.02423],[24.53482,55.02672],[24.49844,55.0253],[24.49027,55.02848],[24.48408,55.03412]]],[[[24.73974,55.02879],[24.73189,55.02681],[24.72171,55.02643],[24.72286,55.02485],[24.7334,55.02388],[24.74351,55.0209],[24.75627,55.01341],[24.77307,55.01331],[24.77391,55.01622],[24.77748,55.01889],[24.77676,55.02182],[24.76888,55.01895],[24.75911,55.01901],[24.75058,55.02288],[24.74873,55.02828],[24.73974,55.02879]]],[[[25.55016,55.02296],[25.5458,55.02144],[25.54711,55.01491],[25.54464,55.01157],[25.53591,55.00809],[25.5421,55.00666],[25.54745,55.00345],[25.54929,55.00051],[25.54872,54.9958],[25.55431,54.99887],[25.55983,55.00015],[25.56309,55.01358],[25.55746,55.01972],[25.55016,55.02296]]],[[[23.99485,55.03351],[23.9839,55.03059],[23.96395,55.03103],[23.95771,55.02115],[23.96983,55.02115],[23.97726,55.01823],[23.98078,55.01351],[23.98313,55.00431],[23.99368,55.0052],[23.98938,55.00902],[23.98938,55.01441],[23.98468,55.01778],[23.9839,55.02317],[23.99094,55.02924],[23.99836,55.03126],[23.99485,55.03351]]],[[[23.42491,55.01642],[23.41605,55.00785],[23.41924,55.00315],[23.41931,54.9982],[23.42402,54.99688],[23.42628,55.00273],[23.43326,55.00658],[23.43989,55.00773],[23.44062,55.01133],[23.44565,55.01495],[23.42491,55.01642]]],[[[26.00698,55.01718],[25.99439,55.01559],[25.96273,54.99971],[25.95401,54.99715],[25.94387,54.99776],[25.9301,55.00382],[25.9211,55.00374],[25.90832,55.00619],[25.90799,54.99923],[25.90314,54.99571],[25.8972,54.99423],[25.89671,54.99199],[25.90653,54.99319],[25.91861,54.99255],[25.94581,54.98133],[25.96182,54.98107],[25.97253,54.98449],[25.98362,54.99532],[26.00599,55.00507],[26.01189,55.01373],[26.00698,55.01718]]],[[[24.41843,55.03953],[24.41762,55.03638],[24.40854,55.0281],[24.40187,55.02633],[24.39328,55.02681],[24.3897,55.02143],[24.38616,55.01919],[24.38107,55.01764],[24.3709,55.01677],[24.36732,55.01072],[24.35752,55.0076],[24.36285,54.99164],[24.3867,54.99358],[24.40509,54.99667],[24.41798,54.99618],[24.43942,54.99138],[24.44612,54.9972],[24.45552,54.99896],[24.4509,55.00482],[24.45134,55.00976],[24.4424,55.01361],[24.43931,55.01744],[24.42767,55.02512],[24.42382,55.03097],[24.42233,55.03816],[24.41843,55.03953]]],[[[24.67368,55.00693],[24.65365,55.00053],[24.647,54.99989],[24.64853,54.99831],[24.65635,54.99827],[24.66296,54.99644],[24.66759,54.99282],[24.66829,54.98832],[24.6769,54.98872],[24.67461,54.99233],[24.67368,55.00693]]],[[[23.70399,55.02057],[23.69971,55.01786],[23.68918,55.01447],[23.68844,55.00952],[23.68455,55.00659],[23.69245,54.99606],[23.698,54.98461],[23.69996,54.98372],[23.71519,54.98511],[23.72025,54.98736],[23.71277,54.99521],[23.71268,55.00824],[23.70795,55.01339],[23.70673,55.02013],[23.70399,55.02057]]],[[[22.96956,54.99904],[22.96931,54.9932],[22.96085,54.98819],[22.94953,54.98787],[22.93731,54.9918],[22.93723,54.98012],[22.94431,54.97816],[22.95958,54.97672],[22.9706,54.97367],[22.97631,54.97933],[22.98523,54.98166],[22.98663,54.98818],[22.98333,54.99534],[22.98055,54.99689],[22.96956,54.99904]]],[[[25.0504,54.99056],[25.03752,54.9909],[25.03695,54.98394],[25.02701,54.97706],[25.03873,54.97741],[25.04955,54.97305],[25.0506,54.98315],[25.05345,54.98762],[25.0504,54.99056]]],[[[24.30269,54.99225],[24.28433,54.99185],[24.28117,54.98736],[24.28543,54.98196],[24.28501,54.97702],[24.29008,54.97723],[24.303,54.98102],[24.30576,54.98483],[24.30269,54.99225]]],[[[25.66619,54.98279],[25.66583,54.97403],[25.65821,54.96919],[25.65812,54.96717],[25.6623,54.96442],[25.66848,54.96276],[25.67837,54.96577],[25.68518,54.96995],[25.69657,54.97136],[25.69037,54.97257],[25.67862,54.97183],[25.67359,54.97303],[25.66715,54.97761],[25.66619,54.98279]]],[[[22.81991,54.99858],[22.80282,54.99505],[22.78287,54.99575],[22.78103,54.99214],[22.78692,54.99107],[22.79209,54.9882],[22.79413,54.9853],[22.79388,54.98058],[22.78739,54.97558],[22.78235,54.9744],[22.77064,54.97428],[22.77184,54.97317],[22.77811,54.97256],[22.78246,54.97081],[22.79297,54.97181],[22.80369,54.97911],[22.81614,54.98058],[22.82125,54.9795],[22.82641,54.97663],[22.82845,54.97373],[22.82782,54.96856],[22.83328,54.96861],[22.83392,54.97378],[22.84079,54.97902],[22.85087,54.98158],[22.85908,54.98166],[22.86735,54.97904],[22.86911,54.98602],[22.8776,54.9897],[22.84712,54.99008],[22.83961,54.99293],[22.83636,54.99739],[22.82699,54.99686],[22.81991,54.99858]]],[[[23.31594,54.98823],[23.31598,54.98576],[23.32819,54.97999],[23.33021,54.97551],[23.3396,54.97444],[23.34826,54.97022],[23.35568,54.97048],[23.35637,54.9761],[23.35202,54.97945],[23.34302,54.98052],[23.33512,54.98564],[23.32653,54.98537],[23.31594,54.98823]]],[[[22.64122,54.97875],[22.64185,54.97179],[22.64742,54.96871],[22.64867,54.96648],[22.65457,54.96497],[22.65605,54.96746],[22.65839,54.96771],[22.65965,54.96503],[22.66357,54.96439],[22.66848,54.96939],[22.66375,54.97069],[22.6648,54.97429],[22.66155,54.9783],[22.64752,54.97725],[22.64122,54.97875]]],[[[23.55279,54.97698],[23.54381,54.97672],[23.53017,54.97375],[23.52788,54.96925],[23.5381,54.96412],[23.54704,54.96708],[23.55564,54.96666],[23.55598,54.9707],[23.55279,54.97698]]],[[[24.51446,54.99379],[24.5101,54.98931],[24.5046,54.98664],[24.50022,54.98014],[24.52126,54.97646],[24.54368,54.95907],[24.54415,54.96535],[24.55007,54.9696],[24.54503,54.97276],[24.54237,54.97817],[24.53464,54.98381],[24.53118,54.98832],[24.52066,54.98994],[24.51446,54.99379]]],[[[26.10579,55.01506],[26.09583,55.01141],[26.0888,55.01154],[26.0834,55.01298],[26.08367,55.01072],[26.09357,55.00561],[26.09779,54.99655],[26.09658,54.98849],[26.08784,54.97808],[26.0783,54.97487],[26.07166,54.97498],[26.06512,54.97689],[26.05992,54.98215],[26.06013,54.98619],[26.06518,54.99329],[26.06342,54.99692],[26.05883,54.99902],[26.04836,55.00054],[26.04002,55.00562],[26.03201,54.99407],[26.02477,54.98993],[26.00843,54.98368],[26.00352,54.97905],[26.01344,54.97439],[26.01505,54.96762],[26.00933,54.96255],[25.99032,54.95702],[25.99044,54.95163],[26.02319,54.943],[26.02909,54.94402],[26.03643,54.94255],[26.06335,54.94232],[26.06418,54.94321],[26.05269,54.94767],[26.05593,54.94986],[26.07201,54.95139],[26.07287,54.95295],[26.08077,54.95461],[26.0726,54.96284],[26.07625,54.96547],[26.0761,54.97019],[26.10508,54.97171],[26.10508,54.97913],[26.11035,54.98285],[26.11827,54.98474],[26.11653,54.98881],[26.12591,54.98887],[26.13513,54.98602],[26.13537,54.99051],[26.13244,54.99415],[26.12488,54.999],[26.11342,55.00392],[26.1075,55.01031],[26.10579,55.01506]]],[[[25.46933,54.9833],[25.45139,54.97319],[25.43214,54.97004],[25.44004,54.96141],[25.44623,54.94921],[25.44822,54.95009],[25.44598,54.95303],[25.44612,54.95685],[25.44938,54.96063],[25.45572,54.96325],[25.46276,54.96361],[25.46486,54.96763],[25.47004,54.97049],[25.48337,54.9719],[25.48241,54.97775],[25.48493,54.98244],[25.46933,54.9833]]],[[[24.38809,54.97539],[24.37324,54.97431],[24.37632,54.97026],[24.37781,54.96172],[24.38323,54.95788],[24.39377,54.9574],[24.40039,54.95558],[24.40625,54.95623],[24.40472,54.95916],[24.39927,54.96097],[24.38958,54.96774],[24.38765,54.97067],[24.38809,54.97539]]],[[[24.22174,54.97625],[24.21625,54.97222],[24.20373,54.96775],[24.20292,54.96213],[24.2072,54.95876],[24.2099,54.95246],[24.21539,54.95695],[24.22672,54.96007],[24.23025,54.96321],[24.23146,54.9695],[24.22954,54.97399],[24.22174,54.97625]]],[[[24.34629,54.97394],[24.34001,54.96947],[24.32867,54.96837],[24.32436,54.96569],[24.31654,54.96459],[24.29698,54.95902],[24.27785,54.95929],[24.27705,54.95525],[24.27312,54.95211],[24.32005,54.96413],[24.33216,54.96455],[24.33955,54.96205],[24.34542,54.96339],[24.34548,54.97035],[24.34785,54.97326],[24.34629,54.97394]]],[[[25.96749,54.96121],[25.9586,54.95506],[25.9499,54.95273],[25.94544,54.94943],[25.93873,54.94774],[25.92428,54.94753],[25.91229,54.94996],[25.90774,54.95273],[25.89492,54.95405],[25.88908,54.95437],[25.87763,54.95162],[25.87506,54.94672],[25.86542,54.9408],[25.86987,54.93579],[25.86838,54.92885],[25.87738,54.92961],[25.88357,54.93671],[25.89133,54.93591],[25.90868,54.93137],[25.91542,54.93374],[25.91908,54.93682],[25.92889,54.93802],[25.94529,54.94629],[25.94419,54.94766],[25.95128,54.94912],[25.95212,54.95023],[25.96071,54.95031],[25.96355,54.95251],[25.97539,54.95524],[25.97923,54.95383],[25.98249,54.9567],[25.97589,54.95748],[25.96749,54.96121]]],[[[25.69925,54.95178],[25.68225,54.94662],[25.682,54.94056],[25.67503,54.93234],[25.68238,54.9309],[25.6858,54.92883],[25.69641,54.9307],[25.70026,54.93851],[25.70863,54.94288],[25.70177,54.94658],[25.69925,54.95178]]],[[[24.14007,54.96155],[24.13459,54.95729],[24.12834,54.95527],[24.1334,54.95235],[24.13496,54.94943],[24.14158,54.94762],[24.14742,54.9429],[24.15834,54.94086],[24.16651,54.93636],[24.17394,54.94084],[24.18215,54.94352],[24.18372,54.94554],[24.17478,54.95387],[24.16696,54.95051],[24.15603,54.95075],[24.14941,54.95368],[24.14396,54.95773],[24.14202,54.96132],[24.14007,54.96155]]],[[[25.16136,54.96395],[25.1555,54.96378],[25.15341,54.95886],[25.14589,54.95533],[25.13651,54.95497],[25.12993,54.95683],[25.13169,54.94985],[25.12638,54.94159],[25.12801,54.93012],[25.14006,54.92866],[25.13593,54.93431],[25.13857,54.94484],[25.1434,54.95019],[25.16004,54.95879],[25.16136,54.96395]]],[[[24.31989,54.94414],[24.2894,54.93635],[24.28548,54.93434],[24.30573,54.92912],[24.31985,54.9392],[24.31989,54.94414]]],[[[23.23527,54.93699],[23.22747,54.93694],[23.22796,54.93155],[23.22417,54.92569],[23.23474,54.92396],[23.24775,54.91662],[23.25172,54.91261],[23.25751,54.91556],[23.26365,54.92121],[23.24956,54.92382],[23.23732,54.93161],[23.23527,54.93699]]],[[[23.52578,54.91556],[23.5157,54.91102],[23.50015,54.90737],[23.50179,54.90064],[23.51154,54.90023],[23.51851,54.90452],[23.5286,54.90793],[23.52578,54.91556]]],[[[25.81298,54.94609],[25.80812,54.94234],[25.80102,54.94065],[25.80007,54.93685],[25.8065,54.93226],[25.81276,54.92385],[25.8144,54.91709],[25.81331,54.91014],[25.80847,54.90662],[25.80177,54.90492],[25.79514,54.90502],[25.7886,54.90691],[25.78408,54.91057],[25.78344,54.91373],[25.78058,54.91063],[25.78012,54.9003],[25.78455,54.89462],[25.79782,54.88633],[25.81021,54.89334],[25.81163,54.89871],[25.81448,54.90159],[25.82084,54.90419],[25.8267,54.90455],[25.82993,54.90697],[25.82643,54.92432],[25.83542,54.9334],[25.82903,54.93866],[25.82805,54.94294],[25.82037,54.94553],[25.81298,54.94609]]],[[[23.40229,54.96039],[23.38909,54.95605],[23.3806,54.9495],[23.36238,54.94176],[23.34995,54.93855],[23.3461,54.93539],[23.35083,54.93204],[23.3517,54.92666],[23.34632,54.92146],[23.33972,54.91963],[23.33075,54.91958],[23.32133,54.92312],[23.31006,54.92081],[23.30354,54.91494],[23.28573,54.90742],[23.27806,54.90064],[23.28433,54.89843],[23.29212,54.8987],[23.29839,54.89716],[23.30735,54.89699],[23.31834,54.89256],[23.32613,54.89282],[23.332,54.89128],[23.3339,54.89444],[23.33892,54.89739],[23.34396,54.89854],[23.35293,54.89836],[23.35864,54.90715],[23.36366,54.9101],[23.38001,54.91153],[23.38628,54.90977],[23.39054,54.91158],[23.39284,54.91384],[23.39235,54.92103],[23.39497,54.92845],[23.39959,54.93207],[23.40774,54.93481],[23.40143,54.93994],[23.40172,54.94646],[23.4079,54.95075],[23.41452,54.95191],[23.41835,54.95664],[23.41791,54.96024],[23.40229,54.96039]]],[[[25.68931,54.91013],[25.67943,54.9069],[25.67081,54.90589],[25.67496,54.90269],[25.6767,54.8975],[25.6853,54.89806],[25.69302,54.89638],[25.69377,54.88626],[25.69708,54.88172],[25.70252,54.88119],[25.6984,54.88529],[25.69639,54.89296],[25.69232,54.89818],[25.69241,54.90964],[25.68931,54.91013]]],[[[23.59508,54.92659],[23.58224,54.9234],[23.56977,54.92246],[23.55973,54.91321],[23.56408,54.90806],[23.56452,54.90335],[23.56885,54.89909],[23.56774,54.89325],[23.5775,54.89194],[23.58022,54.89262],[23.58095,54.89734],[23.57662,54.90204],[23.57729,54.91238],[23.58037,54.91576],[23.5858,54.91847],[23.60177,54.921],[23.60016,54.92526],[23.59508,54.92659]]],[[[25.6802,54.89745],[25.67666,54.8966],[25.67332,54.89126],[25.66698,54.88865],[25.65761,54.88833],[25.64796,54.89048],[25.63853,54.88881],[25.63873,54.88409],[25.63546,54.88032],[25.64675,54.87994],[25.65594,54.87599],[25.66035,54.87908],[25.66824,54.88144],[25.67798,54.88153],[25.68569,54.8794],[25.69044,54.88136],[25.6963,54.88173],[25.69259,54.88605],[25.69221,54.89571],[25.6802,54.89745]]],[[[24.92609,54.9024],[24.92401,54.8968],[24.91768,54.89258],[24.90399,54.89021],[24.88999,54.89143],[24.88911,54.88717],[24.89515,54.87814],[24.90644,54.87783],[24.90806,54.88074],[24.91319,54.88362],[24.92491,54.88466],[24.92994,54.8835],[24.93494,54.88054],[24.93675,54.87468],[24.94537,54.87686],[24.94058,54.88858],[24.94158,54.89801],[24.92609,54.9024]]],[[[24.36161,54.8973],[24.3577,54.89529],[24.35067,54.89396],[24.35178,54.88655],[24.34351,54.87646],[24.33725,54.87378],[24.3279,54.87336],[24.33371,54.8693],[24.3454,54.87017],[24.35555,54.87306],[24.36801,54.8719],[24.36729,54.87909],[24.37086,54.88559],[24.37481,54.89097],[24.38147,54.89477],[24.37992,54.89635],[24.36667,54.89616],[24.36161,54.8973]]],[[[24.73128,54.86419],[24.72341,54.85974],[24.72485,54.85322],[24.72285,54.85031],[24.73099,54.84824],[24.74226,54.8475],[24.74844,54.84477],[24.75073,54.84228],[24.76166,54.84379],[24.75869,54.85167],[24.75337,54.85844],[24.75028,54.86003],[24.73861,54.86078],[24.73128,54.86419]]],[[[24.82017,54.86946],[24.79867,54.86511],[24.78738,54.86541],[24.77965,54.86861],[24.78802,54.85844],[24.79284,54.84606],[24.80552,54.83789],[24.80793,54.84169],[24.81265,54.84413],[24.81509,54.84906],[24.81942,54.85127],[24.82035,54.8589],[24.8251,54.86269],[24.8256,54.86808],[24.82017,54.86946]]],[[[23.29152,54.86635],[23.27252,54.86174],[23.26985,54.85881],[23.27036,54.85185],[23.265,54.84732],[23.27283,54.84445],[23.27603,54.83952],[23.29552,54.83829],[23.29424,54.84435],[23.29729,54.84819],[23.30307,54.85159],[23.31626,54.85436],[23.31621,54.85705],[23.30413,54.85788],[23.29748,54.85964],[23.29394,54.86187],[23.29152,54.86635]]],[[[25.407,54.85397],[25.39877,54.8525],[25.39824,54.84823],[25.39422,54.84469],[25.39436,54.83727],[25.3966,54.83455],[25.40368,54.83671],[25.41186,54.83684],[25.42271,54.83559],[25.43074,54.83168],[25.4383,54.83631],[25.43609,54.8397],[25.43665,54.84464],[25.43359,54.84602],[25.41763,54.84621],[25.40997,54.84989],[25.407,54.85397]]],[[[25.74934,54.84683],[25.75531,54.84068],[25.75491,54.83147],[25.76294,54.82821],[25.76581,54.82278],[25.76971,54.82294],[25.77731,54.82755],[25.77801,54.83473],[25.78365,54.83914],[25.78332,54.84049],[25.78143,54.84164],[25.76935,54.84137],[25.76361,54.8437],[25.75507,54.84427],[25.74934,54.84683]]],[[[25.65132,54.82978],[25.64949,54.82306],[25.64387,54.81887],[25.65236,54.81718],[25.65616,54.81489],[25.67794,54.81481],[25.67881,54.81705],[25.67483,54.82429],[25.66756,54.82731],[25.65132,54.82978]]],[[[23.48543,54.83902],[23.48117,54.83721],[23.47417,54.83673],[23.47036,54.83042],[23.47043,54.82525],[23.49144,54.82512],[23.50815,54.82676],[23.52687,54.82257],[23.54356,54.82645],[23.53768,54.83047],[23.53722,54.83631],[23.5166,54.83578],[23.50294,54.83887],[23.48543,54.83902]]],[[[25.58972,54.83667],[25.57636,54.83347],[25.58123,54.82869],[25.58099,54.82263],[25.58359,54.81945],[25.58224,54.81475],[25.57942,54.81231],[25.58093,54.81117],[25.58571,54.8138],[25.59628,54.81569],[25.60348,54.82054],[25.59931,54.82329],[25.58972,54.83667]],[[25.58353,54.81788],[25.58393,54.8181],[25.58392,54.81787],[25.58353,54.81788]]],[[[23.62441,54.83391],[23.62491,54.82246],[23.60679,54.80511],[23.64137,54.80858],[23.646,54.81309],[23.64247,54.81667],[23.64204,54.82139],[23.64627,54.82612],[23.6385,54.82587],[23.63265,54.8272],[23.62441,54.83391]]],[[[22.97942,54.82594],[22.98153,54.81922],[22.97852,54.81537],[22.97352,54.81308],[22.9736,54.80971],[22.97596,54.80861],[22.98805,54.80759],[22.99317,54.80471],[22.99561,54.80046],[22.99875,54.79937],[23.0073,54.79944],[22.99985,54.80207],[22.99352,54.80651],[22.99196,54.822],[22.97942,54.82594]]],[[[23.59216,54.82954],[23.57546,54.82701],[23.57397,54.82049],[23.56897,54.81509],[23.56317,54.8117],[23.55426,54.80897],[23.55976,54.80382],[23.55942,54.7991],[23.55442,54.79437],[23.55755,54.79213],[23.57731,54.79804],[23.57573,54.80051],[23.57562,54.81129],[23.59412,54.8282],[23.59216,54.82954]]],[[[23.0765,54.79976],[23.07043,54.7932],[23.06159,54.78909],[23.06455,54.77855],[23.07849,54.7809],[23.0765,54.79976]]],[[[23.28339,54.82003],[23.27693,54.81123],[23.27893,54.80787],[23.27711,54.8009],[23.26979,54.79726],[23.25853,54.79629],[23.26883,54.78602],[23.26857,54.77905],[23.27418,54.76943],[23.28266,54.77307],[23.27757,54.77551],[23.27439,54.77909],[23.27502,54.7874],[23.29038,54.79805],[23.2895,54.80434],[23.29139,54.80727],[23.30061,54.81361],[23.30991,54.81569],[23.28339,54.82003]]],[[[23.42404,54.77697],[23.41706,54.77582],[23.4109,54.77197],[23.40509,54.77059],[23.39422,54.77031],[23.37708,54.77337],[23.37089,54.77109],[23.37092,54.76952],[23.37715,54.76865],[23.38575,54.76533],[23.40399,54.76609],[23.41179,54.76411],[23.42383,54.76462],[23.4425,54.76291],[23.44556,54.76629],[23.44084,54.77054],[23.43653,54.77344],[23.42404,54.77697]]],[[[23.17661,54.77173],[23.17119,54.77079],[23.16474,54.76311],[23.17297,54.7598],[23.17614,54.75645],[23.1893,54.75901],[23.18483,54.76886],[23.17661,54.77173]]],[[[25.63421,54.80125],[25.61199,54.79975],[25.60052,54.79496],[25.58722,54.79289],[25.58279,54.78891],[25.5785,54.78874],[25.57779,54.79032],[25.57029,54.7875],[25.57327,54.78409],[25.58276,54.77835],[25.58525,54.77225],[25.59496,54.76246],[25.59516,54.75752],[25.5931,54.75462],[25.58794,54.75177],[25.5813,54.75073],[25.58694,54.74617],[25.59892,54.74444],[25.60116,54.75205],[25.62462,54.76566],[25.63013,54.76739],[25.62754,54.77079],[25.62976,54.7775],[25.63768,54.78121],[25.64743,54.78198],[25.64793,54.78489],[25.64337,54.78743],[25.64155,54.79037],[25.6417,54.79419],[25.64456,54.79752],[25.63421,54.80125]]],[[[23.81143,54.78403],[23.80756,54.78133],[23.80174,54.77975],[23.79942,54.77638],[23.79907,54.76986],[23.79442,54.76626],[23.78938,54.7649],[23.78939,54.76333],[23.80883,54.75932],[23.81389,54.75551],[23.81782,54.74541],[23.82287,54.74474],[23.82596,54.74856],[23.82672,54.75418],[23.82942,54.75688],[23.83524,54.75936],[23.83716,54.7661],[23.84219,54.76903],[23.85578,54.77196],[23.85073,54.77286],[23.83983,54.77823],[23.82778,54.77867],[23.8196,54.78337],[23.81143,54.78403]]],[[[25.53064,54.78755],[25.53177,54.77631],[25.52852,54.77253],[25.52337,54.7699],[25.51516,54.76865],[25.50493,54.76496],[25.49794,54.76505],[25.4895,54.76807],[25.48445,54.76813],[25.4878,54.76405],[25.488,54.7591],[25.48596,54.75621],[25.4808,54.75335],[25.47571,54.75229],[25.46603,54.75286],[25.45723,54.75678],[25.45235,54.76156],[25.44808,54.76161],[25.45527,54.75613],[25.45462,54.74895],[25.46149,54.7455],[25.46625,54.73758],[25.4728,54.73615],[25.47774,54.73317],[25.47947,54.72753],[25.48995,54.7274],[25.49853,54.72865],[25.50602,54.7317],[25.5216,54.73308],[25.52984,54.74555],[25.5346,54.74819],[25.53868,54.75353],[25.55583,54.76522],[25.55513,54.76725],[25.54702,54.76848],[25.5417,54.77169],[25.53904,54.7834],[25.53064,54.78755]]],[[[25.73907,54.78003],[25.73317,54.77831],[25.72157,54.7796],[25.71364,54.7759],[25.71583,54.77272],[25.71525,54.76801],[25.7124,54.76513],[25.70488,54.76164],[25.71086,54.75617],[25.71184,54.75166],[25.71941,54.74706],[25.71994,54.74121],[25.71586,54.73655],[25.6993,54.73049],[25.69331,54.72653],[25.69902,54.72398],[25.70528,54.72502],[25.73281,54.7244],[25.73926,54.72993],[25.74675,54.73274],[25.74533,54.75388],[25.74968,54.7646],[25.73907,54.78003]]],[[[23.4413,54.73684],[23.41806,54.73359],[23.40569,54.72971],[23.38086,54.72914],[23.37666,54.7244],[23.38517,54.72646],[23.40184,54.72745],[23.43727,54.71975],[23.44075,54.72089],[23.43759,54.7247],[23.43752,54.72964],[23.44364,54.73618],[23.4413,54.73684]]],[[[23.59379,54.74486],[23.58952,54.74462],[23.58489,54.74169],[23.57483,54.73873],[23.56591,54.73735],[23.55581,54.73822],[23.54456,54.7375],[23.53676,54.74017],[23.52977,54.74081],[23.52243,54.73764],[23.51545,54.73671],[23.51593,54.7293],[23.52182,54.72326],[23.5312,54.71813],[23.5378,54.71771],[23.58114,54.72842],[23.58383,54.73158],[23.59001,54.73429],[23.60398,54.73524],[23.59379,54.74486]]],[[[25.71151,54.70718],[25.70681,54.70612],[25.70664,54.70208],[25.70419,54.69897],[25.71544,54.68983],[25.72486,54.69261],[25.73683,54.69132],[25.73533,54.70167],[25.74019,54.70632],[25.71151,54.70718]]],[[[24.53023,54.73787],[24.52161,54.73184],[24.51655,54.73029],[24.50684,54.73033],[24.50028,54.73283],[24.49895,54.71936],[24.49381,54.71197],[24.49138,54.70344],[24.48863,54.70076],[24.4824,54.69831],[24.48353,54.69584],[24.49872,54.70117],[24.50344,54.70631],[24.50427,54.7108],[24.49967,54.71531],[24.49972,54.71936],[24.50248,54.72316],[24.51029,54.72695],[24.5274,54.7289],[24.52822,54.73294],[24.53332,54.73651],[24.53023,54.73787]]],[[[22.90371,54.73363],[22.89331,54.73061],[22.88556,54.73031],[22.88683,54.72651],[22.8926,54.72813],[22.90193,54.72777],[22.90821,54.72513],[22.91142,54.72134],[22.91079,54.71572],[22.90549,54.71095],[22.90712,54.70805],[22.90649,54.70265],[22.9004,54.69833],[22.89074,54.69689],[22.88659,54.69258],[22.89129,54.69083],[22.89971,54.69518],[22.92323,54.71493],[22.90371,54.73363]]],[[[23.8482,54.72254],[23.83309,54.71466],[23.81331,54.71283],[23.81218,54.70586],[23.8153,54.70272],[23.8254,54.69959],[23.84445,54.68772],[23.86845,54.6983],[23.84827,54.70165],[23.83972,54.70658],[23.83969,54.71354],[23.85208,54.72232],[23.8482,54.72254]]],[[[24.81724,54.72415],[24.81215,54.72193],[24.80631,54.7213],[24.80775,54.71522],[24.80417,54.7112],[24.80874,54.70668],[24.80706,54.70018],[24.8101,54.69724],[24.81041,54.69297],[24.81501,54.69047],[24.81765,54.68685],[24.8304,54.68452],[24.83251,54.69304],[24.83036,54.70182],[24.83315,54.70539],[24.82704,54.70993],[24.82724,54.71981],[24.82345,54.7241],[24.81724,54.72415]]],[[[22.91643,54.67893],[22.88969,54.66431],[22.88163,54.66154],[22.8856,54.65798],[22.88612,54.65327],[22.88046,54.6476],[22.89328,54.64615],[22.89398,54.64885],[22.89853,54.65248],[22.91203,54.65508],[22.91268,54.65957],[22.91723,54.66321],[22.92223,54.66483],[22.92881,54.66511],[22.93837,54.66991],[22.93714,54.6726],[22.92862,54.6723],[22.92355,54.67337],[22.91643,54.67893]]],[[[23.71819,54.6666],[23.71049,54.66006],[23.69429,54.64992],[23.70011,54.64948],[23.71865,54.65604],[23.73066,54.65607],[23.738,54.66035],[23.73604,54.66304],[23.72519,54.66324],[23.71819,54.6666]]],[[[23.65057,54.64328],[23.64599,54.63653],[23.64213,54.6345],[23.63401,54.6329],[23.62671,54.62726],[23.59848,54.62425],[23.59349,54.6193],[23.58577,54.61725],[23.58235,54.6114],[23.60556,54.6126],[23.60982,54.61149],[23.62414,54.61176],[23.63731,54.61022],[23.64197,54.60822],[23.64429,54.6089],[23.65123,54.61229],[23.65235,54.61656],[23.6457,54.6253],[23.64642,54.63159],[23.65257,54.63588],[23.6638,54.63703],[23.65603,54.63903],[23.65057,54.64328]]],[[[25.62139,54.61676],[25.61429,54.61348],[25.61019,54.6077],[25.59954,54.60245],[25.60015,54.5984],[25.60858,54.59626],[25.61388,54.59327],[25.62716,54.59646],[25.62654,54.60029],[25.61968,54.60308],[25.61674,54.60694],[25.61773,54.61231],[25.62408,54.61627],[25.62139,54.61676]]],[[[23.91402,54.61006],[23.89661,54.60578],[23.88541,54.60083],[23.89316,54.59589],[23.90012,54.59523],[23.90554,54.59298],[23.91402,54.61006]]],[[[24.47956,54.6224],[24.47372,54.61883],[24.47873,54.61768],[24.48412,54.61452],[24.48596,54.60687],[24.48399,54.60396],[24.47776,54.60062],[24.4912,54.59247],[24.49731,54.58549],[24.50006,54.58929],[24.50628,54.59174],[24.50678,54.60072],[24.49873,54.6066],[24.49656,54.61963],[24.48689,54.61967],[24.47956,54.6224]]],[[[23.9535,54.60043],[23.94228,54.5984],[23.93997,54.59638],[23.93612,54.58335],[23.95429,54.58403],[23.9628,54.5883],[23.9535,54.60043]]],[[[23.46669,54.60712],[23.45934,54.60642],[23.45555,54.60078],[23.46215,54.59924],[23.47153,54.59187],[23.47198,54.58693],[23.46817,54.58264],[23.4671,54.57523],[23.47329,54.57548],[23.50372,54.58459],[23.49787,54.58906],[23.49818,54.5949],[23.49503,54.59961],[23.48733,54.5962],[23.4765,54.59638],[23.4691,54.59994],[23.46669,54.60712]]],[[[24.92089,54.5884],[24.91611,54.58237],[24.90469,54.57302],[24.91123,54.57162],[24.92364,54.5731],[24.94334,54.57227],[24.95101,54.56974],[24.95394,54.57915],[24.94278,54.58149],[24.93286,54.58741],[24.92089,54.5884]]],[[[22.85422,54.58872],[22.85227,54.57567],[22.85507,54.57256],[22.85611,54.56268],[22.84971,54.55678],[22.84738,54.54328],[22.84971,54.54285],[22.85896,54.54384],[22.86,54.54812],[22.85721,54.55123],[22.85746,54.55595],[22.86009,54.5589],[22.86696,54.56188],[22.87179,54.56889],[22.86893,54.57471],[22.86023,54.58137],[22.85422,54.58872]]],[[[25.58134,54.55236],[25.58489,54.54423],[25.58865,54.54148],[25.59712,54.5407],[25.60971,54.53649],[25.61443,54.53867],[25.62378,54.54057],[25.60728,54.54371],[25.58134,54.55236]]],[[[25.05525,54.54888],[25.04785,54.54648],[25.03936,54.547],[25.02796,54.53924],[25.02866,54.53653],[25.06314,54.54028],[25.06136,54.54591],[25.05525,54.54888]]],[[[25.53404,54.55859],[25.53046,54.55594],[25.53533,54.55183],[25.53512,54.54622],[25.53231,54.54333],[25.52288,54.53918],[25.53106,54.53077],[25.55485,54.53653],[25.5542,54.53991],[25.5464,54.5481],[25.53919,54.55178],[25.53404,54.55859]]],[[[24.78627,54.588],[24.78354,54.58689],[24.78769,54.58125],[24.7876,54.57631],[24.78521,54.57295],[24.77507,54.56853],[24.76386,54.56837],[24.76383,54.56702],[24.78235,54.56488],[24.79081,54.56258],[24.79919,54.55601],[24.79789,54.54883],[24.80975,54.54314],[24.81352,54.5384],[24.82507,54.5363],[24.82548,54.53764],[24.82012,54.53992],[24.81747,54.54286],[24.81719,54.54781],[24.81918,54.55071],[24.82465,54.55382],[24.8297,54.55491],[24.83627,54.55486],[24.84357,54.55279],[24.85728,54.56191],[24.84535,54.56424],[24.82739,54.57447],[24.82559,54.58122],[24.82954,54.58546],[24.82179,54.58439],[24.81475,54.58085],[24.80508,54.58046],[24.79429,54.58278],[24.78627,54.588]]],[[[24.45352,54.54275],[24.43572,54.5408],[24.42336,54.54084],[24.41873,54.54198],[24.41446,54.53997],[24.41635,54.53547],[24.4225,54.53231],[24.4279,54.53139],[24.43295,54.53429],[24.43798,54.5354],[24.46192,54.53441],[24.45578,54.5378],[24.45352,54.54275]]],[[[24.74652,54.55029],[24.74064,54.54583],[24.74134,54.54178],[24.74396,54.53727],[24.76144,54.52166],[24.77114,54.52407],[24.78583,54.52488],[24.78706,54.52824],[24.78366,54.53253],[24.77138,54.53665],[24.75761,54.54393],[24.75342,54.54755],[24.74652,54.55029]]],[[[22.94873,54.56891],[22.9448,54.5563],[22.94494,54.55113],[22.94891,54.54712],[22.94864,54.5424],[22.94448,54.53877],[22.94694,54.5334],[22.95307,54.53525],[22.96469,54.53423],[22.97138,54.52935],[22.97155,54.52261],[23.01076,54.51417],[23.00833,54.51865],[23.00808,54.5292],[23.00493,54.53165],[22.99716,54.53316],[22.97163,54.53451],[22.96304,54.53826],[22.96104,54.54116],[22.96089,54.54678],[22.96436,54.56231],[22.95689,54.56719],[22.94873,54.56891]]],[[[24.04553,54.55168],[24.04012,54.55056],[24.03586,54.54584],[24.03045,54.54315],[24.01693,54.54023],[24.01731,54.53304],[24.00959,54.52698],[24.00263,54.52518],[24.00263,54.51844],[23.99568,54.51328],[24.00611,54.5135],[24.01267,54.5117],[24.01808,54.5135],[24.02657,54.51372],[24.03236,54.51597],[24.04163,54.51619],[24.04819,54.51439],[24.05243,54.51124],[24.05746,54.51371],[24.06518,54.51304],[24.07291,54.51752],[24.08488,54.51886],[24.09377,54.52402],[24.0934,54.53009],[24.09959,54.53458],[24.09806,54.54064],[24.09459,54.54312],[24.08648,54.54402],[24.08107,54.54627],[24.06562,54.54651],[24.05635,54.55168],[24.04553,54.55168]]],[[[25.49324,54.51057],[25.48509,54.50932],[25.48267,54.50643],[25.4764,54.50381],[25.46366,54.50397],[25.4582,54.50224],[25.46661,54.50011],[25.47414,54.49463],[25.48108,54.49455],[25.48642,54.49291],[25.4985,54.4959],[25.514,54.49773],[25.5128,54.50696],[25.49324,54.51057]]],[[[23.96439,54.53169],[23.94277,54.52921],[23.92656,54.52179],[23.93661,54.5182],[23.93931,54.51528],[23.94009,54.51102],[23.9482,54.509],[23.95516,54.50249],[23.96635,54.50114],[23.97407,54.50474],[23.96442,54.50653],[23.95708,54.51057],[23.95399,54.51439],[23.95591,54.52113],[23.96479,54.52518],[23.96671,54.53034],[23.96439,54.53169]]],[[[24.0092,54.51193],[23.99028,54.51238],[23.98719,54.50833],[23.97909,54.50496],[23.98758,54.50384],[23.99375,54.4998],[23.99954,54.50249],[24.00649,54.50294],[24.00688,54.50744],[24.01074,54.51103],[24.0092,54.51193]]],[[[23.55555,54.54885],[23.55134,54.54524],[23.54633,54.54365],[23.53822,54.5434],[23.5328,54.54472],[23.53055,54.53842],[23.51903,54.53299],[23.52416,54.52312],[23.52346,54.51728],[23.50929,54.50756],[23.50428,54.50642],[23.49347,54.50705],[23.49737,54.50392],[23.4982,54.49898],[23.50977,54.49993],[23.51558,54.49816],[23.52561,54.49864],[23.53761,54.49555],[23.55533,54.49763],[23.55104,54.50211],[23.551,54.50615],[23.55404,54.50998],[23.56135,54.51293],[23.56945,54.51318],[23.57525,54.51208],[23.57794,54.51411],[23.58329,54.5193],[23.58326,54.52222],[23.58015,54.524],[23.58012,54.5267],[23.5743,54.52938],[23.57506,54.5305],[23.57429,54.5305],[23.5739,54.53072],[23.5739,54.53117],[23.57504,54.5323],[23.57233,54.53319],[23.57268,54.53633],[23.56919,54.53834],[23.56721,54.54215],[23.5614,54.54371],[23.55555,54.54885]],[[23.57313,54.53049],[23.57391,54.53027],[23.57314,54.53005],[23.57313,54.53049]]],[[[25.06847,54.52249],[25.04135,54.51913],[25.05807,54.50865],[25.06216,54.50255],[25.06243,54.49805],[25.06544,54.49488],[25.07538,54.49142],[25.08819,54.49423],[25.08864,54.4967],[25.07496,54.50468],[25.06847,54.52249]]],[[[23.7573,54.54201],[23.7608,54.53865],[23.76121,54.53393],[23.76007,54.53034],[23.75623,54.52741],[23.75627,54.52],[23.76519,54.51462],[23.76714,54.51013],[23.7741,54.50902],[23.77913,54.50611],[23.7811,54.49893],[23.78575,54.49444],[23.7854,54.48905],[23.79313,54.48525],[23.79389,54.48749],[23.79002,54.49086],[23.78765,54.50029],[23.78957,54.50321],[23.79457,54.50614],[23.79958,54.50727],[23.80885,54.50684],[23.81504,54.50415],[23.82124,54.49854],[23.82818,54.49923],[23.85053,54.50869],[23.84086,54.51475],[23.83891,54.52058],[23.83156,54.52237],[23.82691,54.52596],[23.8261,54.53427],[23.82802,54.53719],[23.80987,54.53761],[23.80408,54.53648],[23.80449,54.53176],[23.80141,54.52794],[23.79525,54.52523],[23.78598,54.52477],[23.78096,54.52588],[23.77592,54.52879],[23.77083,54.54091],[23.76812,54.54203],[23.7573,54.54201]]],[[[23.11934,54.4921],[23.11944,54.48761],[23.12301,54.48314],[23.14079,54.48147],[23.1505,54.47817],[23.15402,54.47572],[23.16011,54.47981],[23.16587,54.48097],[23.16311,54.48432],[23.16264,54.48836],[23.11934,54.4921]]],[[[22.74054,54.53727],[22.74078,54.52941],[22.73592,54.52419],[22.73387,54.51563],[22.73893,54.51434],[22.74367,54.51079],[22.74518,54.49935],[22.75188,54.4947],[22.75293,54.48551],[22.74997,54.48166],[22.74388,54.4789],[22.72498,54.4787],[22.72023,54.47011],[22.72222,54.46834],[22.73146,54.46866],[22.73988,54.47099],[22.74642,54.47128],[22.75348,54.48012],[22.77293,54.48773],[22.7775,54.50283],[22.7824,54.5067],[22.78699,54.50809],[22.79033,54.51284],[22.78712,54.51685],[22.7884,54.52563],[22.79637,54.53043],[22.77414,54.53762],[22.77182,54.53759],[22.77037,54.53466],[22.76505,54.53146],[22.75312,54.53021],[22.7465,54.53194],[22.74054,54.53727]]],[[[24.4651,54.50789],[24.45655,54.50343],[24.44842,54.50121],[24.42372,54.50085],[24.4229,54.49636],[24.41436,54.49123],[24.41392,54.48584],[24.40964,54.48226],[24.41071,54.47394],[24.41922,54.47661],[24.42463,54.47704],[24.44438,54.48393],[24.45325,54.4839],[24.47058,54.48136],[24.47567,54.48763],[24.48578,54.49388],[24.49236,54.4961],[24.4951,54.49879],[24.48394,54.5022],[24.47589,54.50628],[24.4651,54.50789]]],[[[24.63384,54.48601],[24.6184,54.48519],[24.61716,54.48025],[24.62247,54.47416],[24.63277,54.46692],[24.63971,54.46621],[24.64327,54.47225],[24.63527,54.47881],[24.63384,54.48601]]],[[[24.93203,54.50048],[24.92424,54.49739],[24.92834,54.49062],[24.92744,54.48501],[24.91766,54.47902],[24.91184,54.47772],[24.90375,54.478],[24.89877,54.47961],[24.8946,54.48301],[24.88066,54.48064],[24.88093,54.47547],[24.89422,54.46549],[24.92155,54.46326],[24.93776,54.46381],[24.9486,54.46598],[24.94908,54.46979],[24.94497,54.47544],[24.93574,54.47663],[24.92929,54.48163],[24.92901,54.48635],[24.93141,54.48992],[24.94394,54.49769],[24.93743,54.50021],[24.93203,54.50048]]],[[[24.80429,54.50117],[24.79794,54.49222],[24.78937,54.48779],[24.77714,54.47371],[24.78623,54.46512],[24.79035,54.4588],[24.80642,54.47217],[24.81041,54.47866],[24.82325,54.48442],[24.82308,54.4952],[24.81575,54.49503],[24.81075,54.49618],[24.80429,54.50117]]],[[[24.71232,54.47277],[24.70996,54.47008],[24.70258,54.46721],[24.69448,54.46703],[24.68642,54.46955],[24.68137,54.46733],[24.67635,54.46691],[24.67009,54.46133],[24.67853,54.45836],[24.69775,54.45533],[24.70673,54.46202],[24.70719,54.46583],[24.71232,54.47277]]],[[[24.54312,54.48196],[24.53732,54.48153],[24.51457,54.48186],[24.50178,54.47719],[24.49625,54.46643],[24.49158,54.46308],[24.49194,54.46083],[24.4992,54.45519],[24.50809,54.45717],[24.50776,54.46189],[24.51444,54.47197],[24.52375,54.47575],[24.53996,54.47658],[24.54312,54.48196]]],[[[25.11186,54.52726],[25.09945,54.52558],[25.10338,54.51386],[25.11705,54.50542],[25.12526,54.49501],[25.12588,54.48961],[25.1234,54.48335],[25.12062,54.48045],[25.11437,54.47782],[25.09273,54.47644],[25.08921,54.47445],[25.07989,54.47229],[25.06832,54.47239],[25.05495,54.47723],[25.04596,54.47281],[25.05441,54.47139],[25.05935,54.46843],[25.06189,54.46234],[25.06685,54.46005],[25.06947,54.4571],[25.06973,54.45238],[25.06773,54.44948],[25.0782,54.45208],[25.08399,54.45226],[25.09728,54.45888],[25.09737,54.46247],[25.10056,54.46626],[25.11962,54.47238],[25.12598,54.47906],[25.12463,54.48626],[25.1269,54.48444],[25.12961,54.48486],[25.13278,54.48798],[25.13864,54.49039],[25.14756,54.50581],[25.14814,54.51254],[25.16148,54.52006],[25.16079,54.52298],[25.15924,54.523],[25.13093,54.51877],[25.12398,54.51884],[25.11519,54.52206],[25.11186,54.52726]]],[[[23.76889,54.4733],[23.76622,54.46947],[23.76006,54.46676],[23.75081,54.4663],[23.74656,54.46719],[23.74892,54.46045],[23.74819,54.45259],[23.75514,54.45103],[23.76474,54.45801],[23.76508,54.46565],[23.77238,54.47128],[23.76889,54.4733]]],[[[24.74431,54.47123],[24.7411,54.46473],[24.74176,54.45844],[24.73939,54.45531],[24.75007,54.44917],[24.75852,54.4471],[24.76431,54.44751],[24.75831,54.45654],[24.74431,54.47123]]],[[[25.21997,54.47432],[25.21068,54.47329],[25.20195,54.46484],[25.19299,54.46179],[25.18375,54.46233],[25.17917,54.46395],[25.17389,54.46827],[25.17234,54.46806],[25.17148,54.46492],[25.16794,54.46226],[25.16525,54.44925],[25.17252,54.44739],[25.17776,54.44194],[25.18868,54.44611],[25.20021,54.44487],[25.20586,54.44054],[25.21791,54.44402],[25.22755,54.44414],[25.2383,54.44269],[25.25072,54.44548],[25.25326,54.45287],[25.24221,54.45725],[25.23813,54.46268],[25.2324,54.46431],[25.22558,54.46843],[25.21997,54.47432]]],[[[22.84264,54.46528],[22.81929,54.45921],[22.7924,54.45558],[22.79402,54.45312],[22.7934,54.44773],[22.78358,54.44111],[22.79677,54.4381],[22.8015,54.43455],[22.80276,54.43097],[22.80873,54.43754],[22.81746,54.44212],[22.82206,54.44307],[22.82925,54.44785],[22.83769,54.44928],[22.84223,54.45247],[22.8469,54.46465],[22.84264,54.46528]]],[[[24.60148,54.43675],[24.58868,54.43075],[24.58823,54.42671],[24.60621,54.41808],[24.61087,54.42031],[24.61099,54.42862],[24.60911,54.43155],[24.60148,54.43675]]],[[[22.94843,54.4303],[22.94563,54.41927],[22.95375,54.41822],[22.95963,54.41423],[22.97816,54.41236],[22.98161,54.41306],[22.98036,54.41665],[22.97064,54.42039],[22.96175,54.42143],[22.95514,54.42385],[22.95084,54.42651],[22.94843,54.4303]]],[[[24.84954,54.46806],[24.84605,54.46719],[24.8368,54.4677],[24.83166,54.46122],[24.80892,54.44251],[24.80269,54.43918],[24.79378,54.43676],[24.80666,54.42567],[24.82554,54.42577],[24.83514,54.42391],[24.84602,54.42855],[24.87267,54.4315],[24.88114,54.43122],[24.8884,54.42824],[24.8914,54.4244],[24.88932,54.41768],[24.88115,54.41392],[24.88838,54.40982],[24.89661,54.41605],[24.89483,54.42303],[24.898,54.42682],[24.90461,54.4297],[24.91541,54.43006],[24.92192,54.42822],[24.92875,54.42367],[24.93061,54.42074],[24.93012,54.41625],[24.95093,54.41654],[24.96047,54.41264],[24.96126,54.41376],[24.95368,54.41898],[24.95304,54.42438],[24.95621,54.42818],[24.96437,54.43126],[24.9652,54.43394],[24.9639,54.44384],[24.95667,54.44817],[24.93927,54.44561],[24.91497,54.44512],[24.90804,54.44517],[24.90306,54.44656],[24.89264,54.44641],[24.88151,54.44829],[24.87157,54.4524],[24.84954,54.46806]]],[[[23.37841,54.43216],[23.36613,54.42895],[23.3592,54.42891],[23.35339,54.43023],[23.34654,54.42503],[23.34002,54.42319],[23.32845,54.42425],[23.32339,54.42714],[23.32181,54.42983],[23.31258,54.42866],[23.29915,54.42521],[23.29691,54.42138],[23.28853,54.41549],[23.2978,54.41442],[23.30402,54.41064],[23.30782,54.4138],[23.3128,54.4154],[23.32551,54.41525],[23.33547,54.4189],[23.35204,54.41832],[23.36659,54.42378],[23.37468,54.42428],[23.37808,54.42856],[23.37841,54.43216]]],[[[25.41205,54.42887],[25.40459,54.42492],[25.39187,54.42484],[25.38217,54.4227],[25.39371,54.42212],[25.40201,54.41708],[25.40178,54.41012],[25.39703,54.40658],[25.39198,54.40507],[25.3949,54.40054],[25.39875,54.4005],[25.40518,54.40829],[25.41187,54.41248],[25.42818,54.41633],[25.41946,54.42047],[25.41205,54.42887]]],[[[23.64323,54.50916],[23.6282,54.50574],[23.61902,54.49695],[23.61365,54.49402],[23.61255,54.48772],[23.60757,54.48389],[23.5841,54.47729],[23.57104,54.47208],[23.56604,54.47094],[23.53942,54.47152],[23.53284,54.47329],[23.52895,54.47642],[23.52318,54.47505],[23.51237,54.4759],[23.5155,54.4721],[23.51635,54.46536],[23.51446,54.46243],[23.50413,54.45543],[23.4976,54.4536],[23.48371,54.45444],[23.46406,54.45323],[23.4645,54.44942],[23.47529,54.44947],[23.48032,54.44836],[23.48536,54.44546],[23.48733,54.44255],[23.48662,54.43716],[23.48051,54.43309],[23.48029,54.41983],[23.47342,54.41464],[23.48385,54.41244],[23.48533,54.41761],[23.4899,54.42122],[23.49643,54.42305],[23.50298,54.42307],[23.508,54.42197],[23.51304,54.41907],[23.515,54.41616],[23.51468,54.41054],[23.52278,54.40945],[23.52666,54.407],[23.53859,54.40794],[23.542,54.4129],[23.55083,54.41607],[23.56007,54.41566],[23.5686,54.41097],[23.57355,54.41593],[23.57348,54.42289],[23.57653,54.42628],[23.573,54.4321],[23.57409,54.43817],[23.57676,54.44088],[23.5829,54.44359],[23.59253,54.44408],[23.59794,54.44275],[23.60062,54.44478],[23.60672,54.45176],[23.60403,54.45063],[23.60093,54.45197],[23.59825,54.45039],[23.59592,54.45218],[23.59939,54.45196],[23.60015,54.45309],[23.59706,54.45398],[23.59705,54.4551],[23.6135,54.46886],[23.61229,54.47447],[23.61802,54.48055],[23.62381,54.48012],[23.63381,54.48262],[23.64109,54.48871],[23.64918,54.49008],[23.65113,54.48806],[23.65383,54.4883],[23.65734,54.48314],[23.65893,54.47775],[23.65626,54.47415],[23.6659,54.47508],[23.66743,54.47643],[23.66277,54.48024],[23.6608,54.4845],[23.66034,54.49416],[23.65759,54.49954],[23.64323,54.50916]]],[[[24.77573,54.41958],[24.77217,54.41489],[24.75658,54.40465],[24.78456,54.39796],[24.78597,54.41121],[24.77573,54.41958]]],[[[22.90656,54.45442],[22.89816,54.4512],[22.88929,54.45134],[22.88306,54.45353],[22.88123,54.45014],[22.87247,54.44624],[22.86986,54.44285],[22.87497,54.43953],[22.88065,54.44295],[22.88563,54.44412],[22.89218,54.44418],[22.89878,54.44244],[22.90471,54.43688],[22.90409,54.43148],[22.89956,54.42785],[22.89306,54.42599],[22.88574,54.42592],[22.8807,54.427],[22.87522,54.43032],[22.86801,54.42621],[22.85878,54.42567],[22.85374,54.42675],[22.84824,54.43051],[22.84631,54.43049],[22.83297,54.42542],[22.8328,54.41778],[22.82792,54.41347],[22.82142,54.41161],[22.80136,54.41276],[22.80114,54.40714],[22.79586,54.40327],[22.81461,54.39424],[22.81607,54.39695],[22.82098,54.40015],[22.829,54.4027],[22.83262,54.41059],[22.84099,54.41449],[22.85216,54.41438],[22.85997,54.41041],[22.86496,54.41113],[22.87217,54.41501],[22.8814,54.41555],[22.89224,54.41363],[22.89732,54.41075],[22.90068,54.41483],[22.8993,54.42313],[22.90115,54.42606],[22.90949,54.43108],[22.91828,54.43386],[22.91391,54.43876],[22.91222,54.44436],[22.91429,54.45381],[22.90656,54.45442]]],[[[25.48747,54.41539],[25.48426,54.41183],[25.47521,54.40655],[25.47017,54.40549],[25.45827,54.40676],[25.44068,54.39933],[25.43139,54.39787],[25.42975,54.39497],[25.44156,54.39146],[25.44789,54.39632],[25.45948,54.39731],[25.4717,54.39469],[25.47739,54.39215],[25.48772,54.39045],[25.495,54.40002],[25.49255,54.40679],[25.49278,54.41308],[25.48747,54.41539]]],[[[23.78383,54.42031],[23.78463,54.41514],[23.79626,54.39899],[23.80395,54.40147],[23.80392,54.40799],[23.79889,54.4127],[23.80078,54.41966],[23.78962,54.41875],[23.78383,54.42031]]],[[[24.25952,54.41483],[24.25836,54.41326],[24.26214,54.40292],[24.27137,54.40133],[24.27559,54.39885],[24.28331,54.40108],[24.29331,54.40015],[24.29755,54.40104],[24.28525,54.40399],[24.28142,54.40647],[24.27799,54.41165],[24.26759,54.41145],[24.25952,54.41483]]],[[[22.76672,54.38635],[22.76716,54.38456],[22.76987,54.38391],[22.77426,54.37879],[22.78526,54.37126],[22.79098,54.37289],[22.7983,54.37274],[22.80017,54.37433],[22.80049,54.37681],[22.79345,54.38055],[22.78418,54.38158],[22.77869,54.38512],[22.77215,54.38506],[22.76672,54.38635]]],[[[24.7451,54.38743],[24.7469,54.3809],[24.75913,54.37588],[24.76597,54.37157],[24.7794,54.36947],[24.78061,54.3726],[24.76925,54.38211],[24.7451,54.38743]]],[[[23.14166,54.38443],[23.12361,54.38273],[23.11685,54.37482],[23.10164,54.36639],[23.12265,54.37374],[23.13648,54.37473],[23.14578,54.37143],[23.15054,54.36428],[23.15441,54.3634],[23.15542,54.3706],[23.14768,54.37257],[23.14262,54.37545],[23.14063,54.37836],[23.14166,54.38443]]],[[[24.47979,54.41101],[24.46778,54.40455],[24.47462,54.39688],[24.4749,54.38812],[24.47178,54.38431],[24.4652,54.38142],[24.46244,54.37536],[24.48156,54.36496],[24.48778,54.37077],[24.49282,54.37322],[24.49251,54.37974],[24.49954,54.38869],[24.50279,54.40238],[24.49824,54.40847],[24.49015,54.40828],[24.47979,54.41101]]],[[[23.3803,54.38364],[23.37609,54.38205],[23.36801,54.38178],[23.36348,54.37637],[23.3709,54.36922],[23.37096,54.3654],[23.36794,54.36157],[23.36182,54.35884],[23.35222,54.35834],[23.3472,54.35943],[23.34176,54.36255],[23.33724,54.35668],[23.33688,54.35511],[23.34466,54.34976],[23.35328,54.33947],[23.36365,54.33998],[23.36745,54.34314],[23.3674,54.34651],[23.37042,54.35035],[23.37423,54.35239],[23.38573,54.35514],[23.38675,54.36368],[23.38171,54.36635],[23.37697,54.37487],[23.3769,54.37913],[23.3803,54.38364]]],[[[23.125,54.35331],[23.11624,54.34965],[23.10972,54.34848],[23.10479,54.34552],[23.11442,54.34447],[23.12864,54.3448],[23.13485,54.34215],[23.1388,54.33723],[23.1422,54.34018],[23.14439,54.34559],[23.13356,54.34865],[23.125,54.35331]]],[[[25.5362,54.35884],[25.52662,54.35986],[25.52598,54.3529],[25.52123,54.34937],[25.51463,54.34765],[25.50391,54.34891],[25.50313,54.34847],[25.50721,54.3446],[25.51115,54.33669],[25.52032,54.335],[25.52974,54.32994],[25.53597,54.33188],[25.53197,54.33822],[25.53211,54.34181],[25.53521,54.34245],[25.53038,54.34723],[25.53139,54.35351],[25.5362,54.35884]]],[[[24.93879,54.37417],[24.90397,54.36568],[24.86935,54.36571],[24.86777,54.3637],[24.87154,54.3603],[24.87218,54.354],[24.86902,54.35021],[24.86089,54.34735],[24.86123,54.34532],[24.86699,54.34483],[24.87384,54.34164],[24.87679,54.33577],[24.87945,54.33418],[24.88835,54.33681],[24.89488,54.33676],[24.90061,54.33515],[24.90644,54.3378],[24.91567,54.33818],[24.92216,54.33611],[24.93253,54.33581],[24.94016,54.33305],[24.93519,54.35129],[24.93879,54.37417]]],[[[24.80397,54.34684],[24.76771,54.34101],[24.77133,54.32908],[24.78248,54.32901],[24.79198,54.32333],[24.79224,54.31704],[24.78482,54.3108],[24.79021,54.31121],[24.83135,54.33183],[24.82998,54.34015],[24.82303,54.33862],[24.81343,54.33914],[24.80619,54.34278],[24.80397,54.34684]]],[[[25.67749,54.3237],[25.66206,54.32234],[25.65688,54.31792],[25.64277,54.31093],[25.63979,54.31321],[25.63481,54.31373],[25.62952,54.31605],[25.62408,54.31432],[25.62008,54.31033],[25.61587,54.31084],[25.58917,54.31591],[25.58851,54.31884],[25.58401,54.3216],[25.58052,54.32097],[25.58046,54.3194],[25.58841,54.31615],[25.59353,54.30956],[25.60261,54.30585],[25.60584,54.29996],[25.62205,54.30199],[25.63077,54.30862],[25.64233,54.30958],[25.65104,54.30632],[25.65395,54.30224],[25.65933,54.30239],[25.66673,54.30476],[25.67592,54.30418],[25.70193,54.29191],[25.71057,54.29673],[25.70953,54.29921],[25.70427,54.30221],[25.70509,54.30355],[25.68535,54.31865],[25.67749,54.3237]]],[[[24.27892,54.32134],[24.26968,54.31844],[24.25738,54.31869],[24.25543,54.3133],[24.24733,54.30883],[24.25421,54.30297],[24.26651,54.30407],[24.27921,54.30831],[24.28694,54.31458],[24.28734,54.31683],[24.27892,54.32134]]],[[[25.08428,54.43383],[25.07221,54.42922],[25.06977,54.4243],[25.07141,54.4135],[25.06819,54.40814],[25.05377,54.40153],[25.04181,54.40051],[25.03304,54.40373],[25.03005,54.40757],[25.03016,54.41184],[25.0349,54.41652],[25.03414,54.41697],[25.01444,54.41467],[25.00511,54.41138],[24.98907,54.40073],[24.99281,54.3962],[24.99152,54.3906],[24.99529,54.3872],[24.99515,54.38158],[24.99239,54.37869],[24.98616,54.37604],[24.97232,54.37638],[24.96598,54.35239],[24.97359,54.34874],[24.97621,54.34579],[24.97648,54.34107],[24.97333,54.33773],[24.97518,54.33479],[24.98861,54.33356],[24.99504,54.32947],[24.99687,54.32563],[25.00649,54.326],[25.01146,54.32484],[25.01638,54.32187],[25.01823,54.31894],[25.01733,54.31355],[25.01069,54.30912],[25.00412,54.3076],[24.99759,54.30765],[24.98958,54.30997],[24.98643,54.30685],[24.99054,54.30187],[24.9979,54.30451],[25.00944,54.30508],[25.01181,54.30776],[25.01919,54.31107],[25.03072,54.31119],[25.0374,54.31698],[25.05135,54.3218],[25.06364,54.32147],[25.08498,54.31454],[25.10104,54.3117],[25.10633,54.3085],[25.10818,54.30556],[25.10642,54.29749],[25.11185,54.29924],[25.11953,54.29939],[25.1193,54.30479],[25.12369,54.31104],[25.12916,54.31413],[25.13418,54.31521],[25.14339,54.3149],[25.16019,54.31092],[25.1744,54.31078],[25.18355,54.30822],[25.19935,54.31008],[25.20407,54.31386],[25.20184,54.31635],[25.18258,54.31474],[25.17384,54.31797],[25.17087,54.32182],[25.17179,54.3272],[25.17651,54.33075],[25.18116,54.33228],[25.19235,54.33374],[25.21406,54.33982],[25.22405,54.33972],[25.22646,54.34306],[25.225,54.34555],[25.21191,54.34523],[25.1722,54.34158],[25.16288,54.33807],[25.13673,54.33787],[25.1301,54.33457],[25.12046,54.33353],[25.11277,54.3336],[25.09939,54.3362],[25.09217,54.33941],[25.08846,54.34461],[25.0886,54.34977],[25.09218,54.35424],[25.09879,54.3571],[25.10919,54.35745],[25.1276,54.36964],[25.14042,54.37401],[25.15435,54.3768],[25.15018,54.37908],[25.15067,54.38267],[25.15418,54.38444],[25.1615,54.38482],[25.16347,54.38637],[25.15292,54.39433],[25.15072,54.3984],[25.13255,54.39587],[25.12563,54.39594],[25.12065,54.39711],[25.11573,54.40007],[25.11388,54.40301],[25.1148,54.40839],[25.12147,54.41283],[25.12804,54.41389],[25.13022,54.42308],[25.12523,54.42357],[25.11799,54.42656],[25.10607,54.42735],[25.0908,54.43288],[25.08428,54.43383]]],[[[25.55074,54.31596],[25.54102,54.31272],[25.55307,54.29616],[25.56045,54.2882],[25.56646,54.28453],[25.57728,54.28641],[25.56298,54.30412],[25.56058,54.31179],[25.55074,54.31596]]],[[[24.73835,54.33333],[24.73751,54.32907],[24.73317,54.32303],[24.7377,54.31828],[24.73799,54.31289],[24.73523,54.30886],[24.72979,54.30575],[24.73786,54.30593],[24.74284,54.30477],[24.7489,54.30047],[24.74879,54.29395],[24.75454,54.29369],[24.76064,54.29118],[24.76371,54.29116],[24.76414,54.29341],[24.75809,54.29884],[24.75816,54.30266],[24.76092,54.30623],[24.75442,54.30785],[24.74532,54.31442],[24.73835,54.33333]]],[[[24.6249,54.32993],[24.61986,54.32658],[24.61369,54.32527],[24.60332,54.32554],[24.59644,54.32827],[24.59712,54.32243],[24.59516,54.31952],[24.59012,54.31662],[24.58511,54.31553],[24.5659,54.31584],[24.56092,54.31699],[24.55483,54.32128],[24.55415,54.32735],[24.54417,54.32852],[24.53914,54.32585],[24.5268,54.32321],[24.5252,54.3176],[24.53014,54.31353],[24.54639,54.29324],[24.5545,54.2968],[24.56525,54.29653],[24.57136,54.2938],[24.57435,54.28795],[24.57855,54.28613],[24.58357,54.2879],[24.60218,54.30039],[24.61897,54.31873],[24.63408,54.32651],[24.63181,54.32922],[24.6249,54.32993]]],[[[24.31443,54.2916],[24.30596,54.28848],[24.29751,54.28872],[24.29253,54.29053],[24.28677,54.28965],[24.2852,54.28561],[24.28593,54.27909],[24.28436,54.27527],[24.29892,54.27097],[24.30503,54.26691],[24.30921,54.26129],[24.3146,54.26397],[24.31657,54.27093],[24.32582,54.27495],[24.32275,54.27563],[24.31737,54.27474],[24.31241,54.27858],[24.31476,54.28441],[24.31823,54.2862],[24.31443,54.2916]]],[[[23.41669,54.28723],[23.41645,54.27667],[23.4089,54.26832],[23.40897,54.26315],[23.419,54.25938],[23.42705,54.25987],[23.42969,54.26303],[23.43694,54.26598],[23.445,54.26625],[23.45154,54.2647],[23.44612,54.26872],[23.43958,54.26982],[23.43571,54.27182],[23.43257,54.27697],[23.42793,54.27942],[23.42169,54.28658],[23.41669,54.28723]]],[[[25.55541,54.26648],[25.5523,54.26539],[25.55528,54.26311],[25.56067,54.26349],[25.56294,54.26256],[25.56426,54.25693],[25.5685,54.25754],[25.57212,54.25166],[25.56747,54.25059],[25.57297,54.24378],[25.57965,54.24796],[25.5912,54.24893],[25.59471,54.25046],[25.59516,54.25225],[25.58844,54.25706],[25.58783,54.26111],[25.56883,54.26608],[25.55541,54.26648]]],[[[24.46453,54.25337],[24.45297,54.2487],[24.44644,54.24828],[24.44677,54.24266],[24.44405,54.2393],[24.47059,54.24684],[24.48327,54.24836],[24.47293,54.2502],[24.46453,54.25337]]],[[[23.37546,54.24569],[23.36555,54.24159],[23.35407,54.24018],[23.36139,54.23775],[23.36983,54.23802],[23.37984,54.23538],[23.394,54.23702],[23.42201,54.23648],[23.42961,54.24146],[23.42081,54.23985],[23.40777,54.23978],[23.40122,54.24155],[23.39618,54.24557],[23.39045,54.24419],[23.38162,54.24415],[23.37546,54.24569]]],[[[25.63881,54.24987],[25.63625,54.24339],[25.63115,54.24054],[25.62613,54.23971],[25.62244,54.23369],[25.61539,54.22996],[25.6182,54.22341],[25.62897,54.22417],[25.63992,54.21997],[25.64021,54.22716],[25.64807,54.23199],[25.6459,54.23539],[25.64607,54.23966],[25.64889,54.24299],[25.64834,54.24839],[25.63881,54.24987]]],[[[24.64997,54.31093],[24.64455,54.30826],[24.63909,54.30312],[24.63704,54.29415],[24.63971,54.29346],[24.63931,54.29234],[24.63546,54.29191],[24.62732,54.28678],[24.62579,54.28724],[24.62039,54.28525],[24.61533,54.28056],[24.61147,54.27923],[24.6126,54.27787],[24.60837,54.27722],[24.60101,54.27276],[24.59906,54.27053],[24.59975,54.26536],[24.59779,54.26245],[24.59276,54.25955],[24.58545,54.25846],[24.58118,54.25511],[24.58154,54.25287],[24.58646,54.24835],[24.58678,54.24363],[24.58365,54.23983],[24.57401,54.23583],[24.59699,54.2337],[24.60193,54.23075],[24.60379,54.22647],[24.61338,54.22687],[24.62882,54.23376],[24.65215,54.25408],[24.64839,54.25926],[24.64806,54.26264],[24.642,54.26739],[24.64129,54.27143],[24.6379,54.27527],[24.63796,54.27931],[24.64149,54.28401],[24.65075,54.28711],[24.6539,54.29181],[24.66549,54.29624],[24.66475,54.29804],[24.65865,54.30099],[24.65674,54.30168],[24.65597,54.30123],[24.65217,54.30417],[24.64997,54.31093]],[[24.64065,54.30424],[24.64104,54.30446],[24.64103,54.30423],[24.64065,54.30424]],[[24.64103,54.30401],[24.64142,54.30423],[24.64141,54.30401],[24.64103,54.30401]],[[24.64141,54.30356],[24.64294,54.30332],[24.64293,54.30288],[24.64141,54.30356]],[[24.64293,54.30265],[24.64332,54.30287],[24.64331,54.30265],[24.64293,54.30265]],[[24.6483,54.3024],[24.65023,54.30261],[24.65022,54.30239],[24.6483,54.3024]],[[24.64254,54.3022],[24.64292,54.30243],[24.64292,54.3022],[24.64254,54.3022]],[[24.64791,54.30195],[24.6483,54.3024],[24.64829,54.30195],[24.64791,54.30195]],[[24.65022,54.30216],[24.65176,54.30238],[24.65176,54.30215],[24.65022,54.30216]],[[24.64215,54.30198],[24.64254,54.3022],[24.64253,54.30198],[24.64215,54.30198]],[[24.65212,54.30103],[24.65252,54.30215],[24.65251,54.30103],[24.65212,54.30103]],[[24.64176,54.30176],[24.64215,54.30198],[24.64215,54.30176],[24.64176,54.30176]],[[24.64407,54.30175],[24.64522,54.30196],[24.64522,54.30174],[24.64407,54.30175]],[[24.64752,54.3015],[24.64791,54.30195],[24.6479,54.3015],[24.64752,54.3015]],[[24.64137,54.30154],[24.64176,54.30176],[24.64176,54.30153],[24.64137,54.30154]],[[24.64368,54.3013],[24.64407,54.30175],[24.64406,54.3013],[24.64368,54.3013]],[[24.64521,54.30129],[24.6456,54.30174],[24.6456,54.30129],[24.64521,54.30129]],[[24.64713,54.30106],[24.64752,54.3015],[24.64751,54.30105],[24.64713,54.30106]],[[24.64098,54.30109],[24.64137,54.30131],[24.64137,54.30109],[24.64098,54.30109]],[[24.64328,54.30085],[24.64368,54.3013],[24.64367,54.30085],[24.64328,54.30085]],[[24.64597,54.30084],[24.64636,54.30128],[24.64636,54.30084],[24.64597,54.30084]],[[24.65634,54.30056],[24.65673,54.30123],[24.65672,54.30055],[24.65634,54.30056]],[[24.64136,54.30086],[24.64175,54.30108],[24.64175,54.30086],[24.64136,54.30086]],[[24.64674,54.30083],[24.64713,54.30106],[24.64712,54.30083],[24.64674,54.30083]],[[24.65135,54.30081],[24.65211,54.30058],[24.65132,54.29924],[24.65135,54.30081]],[[24.64174,54.30064],[24.64252,54.30086],[24.64251,54.30063],[24.64174,54.30064]],[[24.65595,54.30033],[24.65634,54.30056],[24.65634,54.30033],[24.65595,54.30033]],[[24.6544,54.29944],[24.65594,54.29989],[24.65517,54.29944],[24.6544,54.29944]],[[24.65401,54.29922],[24.6544,54.29944],[24.6544,54.29922],[24.65401,54.29922]],[[24.6517,54.29878],[24.65209,54.29923],[24.65209,54.29878],[24.6517,54.29878]],[[24.65363,54.299],[24.65401,54.29922],[24.65401,54.299],[24.65363,54.299]],[[24.65323,54.29855],[24.65363,54.299],[24.65362,54.29855],[24.65323,54.29855]],[[24.65208,54.29833],[24.65323,54.29855],[24.65323,54.29833],[24.65208,54.29833]],[[24.63468,54.29079],[24.63507,54.29101],[24.63506,54.29079],[24.63468,54.29079]],[[24.63506,54.29079],[24.63542,54.28876],[24.63426,54.28877],[24.63428,54.28989],[24.63506,54.29079]],[[24.63541,54.28854],[24.6358,54.28876],[24.6358,54.28854],[24.63541,54.28854]],[[24.6308,54.28834],[24.63426,54.28854],[24.63426,54.28832],[24.6308,54.28834]]],[[[24.31818,54.22959],[24.30206,54.22761],[24.28436,54.21911],[24.31886,54.21925],[24.31818,54.22959]]],[[[24.48305,54.22971],[24.47728,54.22816],[24.47032,54.22258],[24.45956,54.22082],[24.48176,54.21781],[24.49328,54.21934],[24.50324,54.21885],[24.50368,54.22311],[24.50678,54.22625],[24.4945,54.22517],[24.48305,54.22971]]],[[[24.84172,54.27514],[24.83901,54.27381],[24.85307,54.26698],[24.85643,54.26224],[24.85435,54.25461],[24.84583,54.25085],[24.83624,54.25092],[24.8294,54.25389],[24.82326,54.25393],[24.81409,54.25601],[24.80647,54.25854],[24.79471,54.2658],[24.78473,54.26542],[24.7708,54.25944],[24.76274,54.25927],[24.75702,54.2611],[24.7547,54.26022],[24.76342,54.25477],[24.78268,54.23825],[24.7964,54.23412],[24.80637,54.23382],[24.81245,54.23109],[24.81544,54.22725],[24.81572,54.22186],[24.81064,54.21695],[24.81443,54.2149],[24.82137,54.21687],[24.83094,54.21636],[24.83596,54.21812],[24.83661,54.23115],[24.83021,54.23703],[24.8303,54.24175],[24.83345,54.24555],[24.8466,54.25062],[24.85738,54.25279],[24.86428,54.25252],[24.86292,54.26062],[24.86575,54.26778],[24.85465,54.26921],[24.84972,54.27217],[24.84825,54.2751],[24.84172,54.27514]]],[[[24.02679,54.26685],[24.01605,54.2646],[24.00914,54.2646],[24.00031,54.25809],[23.98957,54.25607],[23.9888,54.2518],[23.98459,54.2482],[23.99149,54.24394],[23.99226,54.23854],[23.98306,54.23023],[23.97463,54.22686],[23.97003,54.21563],[23.97042,54.20821],[23.97425,54.20911],[23.97502,54.21248],[23.97962,54.21608],[23.98613,54.21788],[23.99226,54.21788],[23.99188,54.21967],[23.98536,54.22394],[23.98498,54.23068],[23.98766,54.2336],[23.99801,54.23854],[24.00453,54.24506],[24.01105,54.24686],[24.02295,54.24685],[24.03445,54.2446],[24.04328,54.24707],[24.03868,54.25381],[24.02794,54.26078],[24.02679,54.26685]]],[[[24.68434,54.2521],[24.67651,54.24204],[24.65822,54.22551],[24.63542,54.21396],[24.64187,54.20965],[24.64712,54.20244],[24.65773,54.19474],[24.66929,54.19939],[24.67888,54.19979],[24.68536,54.19796],[24.69028,54.19388],[24.70137,54.19315],[24.70522,54.19425],[24.70796,54.19738],[24.71336,54.19959],[24.70768,54.20367],[24.70702,54.20951],[24.71015,54.21331],[24.71555,54.21553],[24.71369,54.21868],[24.71416,54.22362],[24.71922,54.22786],[24.72577,54.22962],[24.73228,54.22958],[24.73762,54.22798],[24.74797,54.22791],[24.7552,54.22495],[24.7582,54.22111],[24.75813,54.21729],[24.75417,54.21013],[24.74683,54.2068],[24.74828,54.2023],[24.7532,54.1989],[24.7693,54.19947],[24.7663,54.20308],[24.76638,54.20713],[24.76952,54.21138],[24.76501,54.2159],[24.7659,54.22286],[24.75753,54.2265],[24.73563,54.24551],[24.73372,54.24575],[24.73214,54.24306],[24.7271,54.24017],[24.71519,54.23912],[24.70643,54.24231],[24.70305,54.2466],[24.68971,54.25185],[24.68434,54.2521]]],[[[24.26238,54.19872],[24.25356,54.19717],[24.24894,54.19291],[24.24661,54.1873],[24.24122,54.18304],[24.2742,54.18903],[24.27539,54.19645],[24.27273,54.1987],[24.26238,54.19872]]],[[[24.37151,54.19057],[24.32239,54.1797],[24.32313,54.17678],[24.33078,54.17609],[24.33651,54.17338],[24.34074,54.17628],[24.35261,54.17625],[24.35415,54.17692],[24.3534,54.17872],[24.36529,54.18093],[24.36493,54.1834],[24.37071,54.18743],[24.37151,54.19057]]],[[[24.08954,54.17718],[24.08801,54.17629],[24.09297,54.17156],[24.10445,54.16639],[24.10827,54.16301],[24.12663,54.1603],[24.12895,54.16749],[24.10331,54.17223],[24.08954,54.17718]]],[[[25.57124,54.17798],[25.56698,54.17691],[25.55895,54.17724],[25.55813,54.16556],[25.54735,54.1538],[25.55332,54.14945],[25.55511,54.14628],[25.56409,54.15111],[25.57285,54.14987],[25.5703,54.15327],[25.57044,54.15709],[25.57247,54.15999],[25.57676,54.16218],[25.57495,54.1649],[25.57551,54.16961],[25.58104,54.17403],[25.58607,54.17531],[25.58308,54.17715],[25.57124,54.17798]]],[[[24.44251,54.20314],[24.41835,54.2012],[24.4141,54.19785],[24.40719,54.19607],[24.40521,54.19024],[24.39598,54.18622],[24.38641,54.18626],[24.3803,54.18875],[24.37454,54.18742],[24.37227,54.19012],[24.37071,54.18675],[24.36648,54.18497],[24.3649,54.18026],[24.35762,54.17983],[24.35761,54.17893],[24.3534,54.17827],[24.35453,54.17669],[24.35261,54.17603],[24.34151,54.17606],[24.33727,54.17292],[24.33992,54.16955],[24.33795,54.16281],[24.34137,54.15943],[24.36623,54.15689],[24.37538,54.15327],[24.38841,54.15547],[24.39076,54.16041],[24.38505,54.16424],[24.38434,54.16986],[24.39863,54.18307],[24.40516,54.18485],[24.41664,54.18368],[24.42272,54.17939],[24.4242,54.17445],[24.43463,54.18227],[24.4746,54.19515],[24.48117,54.19962],[24.45592,54.20309],[24.44251,54.20314]]],[[[24.07269,54.17854],[24.05316,54.17743],[24.04818,54.17406],[24.0432,54.17429],[24.03478,54.17744],[24.02252,54.17632],[24.01754,54.17317],[24.0118,54.17182],[24.01103,54.16935],[24.00376,54.16576],[23.99495,54.16688],[23.99036,54.16553],[23.985,54.16598],[23.98768,54.16261],[23.98768,54.15879],[23.98462,54.15497],[23.97582,54.15183],[23.96434,54.15227],[23.96128,54.14958],[23.96855,54.14868],[23.9762,54.15026],[23.98462,54.15026],[23.99075,54.14869],[23.99572,54.15318],[24.0072,54.15632],[24.03399,54.15497],[24.03093,54.15857],[24.0317,54.16396],[24.0363,54.16755],[24.04281,54.16935],[24.06616,54.16776],[24.07994,54.16304],[24.08645,54.16595],[24.09602,54.16639],[24.10253,54.16459],[24.10749,54.15987],[24.11324,54.16099],[24.10635,54.16279],[24.10253,54.16594],[24.09412,54.16954],[24.08647,54.17651],[24.07958,54.17652],[24.07269,54.17854]]],[[[24.50168,54.18516],[24.49051,54.17936],[24.45285,54.16738],[24.44356,54.15798],[24.43471,54.15374],[24.45114,54.15166],[24.46181,54.14713],[24.46957,54.15631],[24.49078,54.1697],[24.50168,54.18516]]],[[[23.78541,54.19073],[23.7793,54.18847],[23.76667,54.18643],[23.76673,54.17474],[23.76868,54.16846],[23.75992,54.16058],[23.76107,54.15968],[23.76642,54.16171],[23.77446,54.16195],[23.78098,54.16017],[23.78636,54.15501],[23.78638,54.15097],[23.7841,54.14804],[23.7864,54.14715],[23.79594,54.15346],[23.79591,54.15862],[23.79781,54.16132],[23.78057,54.16421],[23.77558,54.16712],[23.77365,54.17004],[23.77553,54.17678],[23.78432,54.18062],[23.78275,54.18668],[23.78541,54.19073]]],[[[24.60688,54.20242],[24.5996,54.20201],[24.59874,54.19595],[24.60174,54.19099],[24.6127,54.18127],[24.6127,54.15499],[24.62067,54.15091],[24.62633,54.14503],[24.62911,54.15176],[24.63528,54.15532],[24.6472,54.15863],[24.65035,54.16423],[24.64161,54.16809],[24.63638,54.17666],[24.63683,54.18092],[24.62015,54.19292],[24.61566,54.19968],[24.60688,54.20242]]],[[[24.29247,54.17349],[24.28672,54.17216],[24.23804,54.16328],[24.24454,54.16147],[24.26858,54.15018],[24.27852,54.14814],[24.29072,54.1416],[24.29535,54.14698],[24.29996,54.14966],[24.30501,54.16066],[24.30312,54.16313],[24.29511,54.16764],[24.29247,54.17349]]],[[[24.66495,54.14348],[24.65726,54.14105],[24.65989,54.13834],[24.66057,54.13295],[24.67204,54.13221],[24.68039,54.12857],[24.68879,54.12762],[24.68928,54.13391],[24.68703,54.13684],[24.6871,54.14111],[24.68102,54.14339],[24.66495,54.14348]]],[[[24.17709,54.14339],[24.17593,54.14025],[24.16903,54.13846],[24.17246,54.13418],[24.17167,54.12879],[24.18427,54.12428],[24.1923,54.12292],[24.19578,54.13123],[24.1809,54.13889],[24.17709,54.14339]]],[[[23.82967,54.14025],[23.82318,54.13822],[23.81361,54.13798],[23.80866,54.13348],[23.8087,54.12472],[23.81408,54.11956],[23.81141,54.11731],[23.80567,54.11843],[23.80221,54.12201],[23.79989,54.12695],[23.80142,54.12808],[23.80256,54.13033],[23.80217,54.13078],[23.79071,54.12873],[23.78038,54.12917],[23.77736,54.12085],[23.77203,54.11702],[23.78427,54.11569],[23.78925,54.11346],[23.8034,54.11326],[23.82173,54.11778],[23.82325,54.12025],[23.82018,54.12384],[23.82016,54.12811],[23.82206,54.13103],[23.82931,54.13464],[23.83696,54.1351],[23.82967,54.14025]]],[[[23.91229,54.15157],[23.89967,54.14685],[23.90849,54.14169],[23.90926,54.1363],[23.90736,54.13337],[23.9001,54.12977],[23.88786,54.12954],[23.89896,54.1264],[23.90547,54.12192],[23.90587,54.11563],[23.89938,54.11068],[23.9204,54.11361],[23.91465,54.12125],[23.91502,54.12642],[23.92151,54.13136],[23.93108,54.13249],[23.92992,54.13833],[23.92265,54.13878],[23.91537,54.14237],[23.91345,54.14528],[23.91459,54.1509],[23.91229,54.15157]]],[[[24.34198,54.14101],[24.33073,54.12127],[24.35441,54.11806],[24.36966,54.1124],[24.3803,54.1054],[24.38483,54.09932],[24.39129,54.09526],[24.39431,54.0912],[24.41778,54.1073],[24.44404,54.13147],[24.43872,54.13463],[24.4303,54.13489],[24.41848,54.13807],[24.40964,54.13406],[24.40045,54.13364],[24.39473,54.13546],[24.3867,54.13593],[24.36871,54.13487],[24.35498,54.1394],[24.34198,54.14101]]],[[[24.1586,54.11196],[24.16698,54.10386],[24.17037,54.09173],[24.17534,54.09127],[24.18144,54.08879],[24.18686,54.10406],[24.18151,54.10474],[24.1586,54.11196]]],[[[24.77636,54.10597],[24.77395,54.09969],[24.76277,54.0946],[24.76342,54.0883],[24.76147,54.08585],[24.77305,54.07184],[24.77534,54.0716],[24.77959,54.07427],[24.78573,54.07558],[24.79451,54.07552],[24.80136,54.0739],[24.81209,54.07585],[24.80727,54.08308],[24.79788,54.09168],[24.77892,54.09989],[24.77636,54.10597]]],[[[24.56621,54.1979],[24.56121,54.19658],[24.54703,54.19664],[24.54317,54.19419],[24.51824,54.16105],[24.49586,54.14654],[24.48539,54.13468],[24.50665,54.12111],[24.51313,54.11951],[24.51767,54.1159],[24.51798,54.10961],[24.51257,54.10536],[24.5106,54.10088],[24.50099,54.0962],[24.49296,54.09601],[24.48801,54.09715],[24.48157,54.10212],[24.48128,54.11021],[24.46685,54.11925],[24.44444,54.09777],[24.41327,54.07609],[24.4174,54.06866],[24.44685,54.07305],[24.45717,54.07301],[24.46402,54.07096],[24.47737,54.06934],[24.50142,54.06856],[24.52049,54.06579],[24.5373,54.06661],[24.54229,54.06839],[24.56295,54.07121],[24.58625,54.07065],[24.59775,54.07374],[24.62028,54.07363],[24.626,54.07247],[24.63406,54.07535],[24.64933,54.07482],[24.64827,54.07977],[24.64031,54.08408],[24.63474,54.09489],[24.62642,54.10055],[24.62279,54.11338],[24.60614,54.12559],[24.6028,54.13235],[24.59674,54.13642],[24.59602,54.13957],[24.58841,54.14298],[24.58389,54.14794],[24.58105,54.16391],[24.58236,54.17513],[24.57177,54.18484],[24.56621,54.1979]],[[24.56727,54.10781],[24.57872,54.10663],[24.58365,54.10369],[24.58552,54.10076],[24.58351,54.0938],[24.57696,54.09002],[24.57198,54.08892],[24.56053,54.09009],[24.5556,54.09304],[24.55373,54.09597],[24.55574,54.10315],[24.56113,54.10627],[24.56727,54.10781]]],[[[24.08396,54.06936],[24.07517,54.06869],[24.07096,54.06128],[24.07095,54.05476],[24.0778,54.04532],[24.09079,54.04891],[24.09157,54.05632],[24.09655,54.06193],[24.09044,54.06396],[24.08396,54.06936]]],[[[23.75668,54.06083],[23.74484,54.06013],[23.74565,54.05317],[23.743,54.04934],[23.74267,54.0408],[23.74609,54.04418],[23.74569,54.04643],[23.75101,54.05003],[23.75559,54.05049],[23.74761,54.04486],[23.74648,54.04171],[23.74268,54.0399],[23.74271,54.03541],[23.74882,54.03363],[23.75912,54.03567],[23.75713,54.04802],[23.75861,54.05701],[23.75668,54.06083]]],[[[24.7405,54.06711],[24.73434,54.06422],[24.72437,54.06204],[24.70948,54.06235],[24.70069,54.06173],[24.69378,54.05975],[24.68004,54.06005],[24.65494,54.04267],[24.66596,54.03968],[24.67466,54.03492],[24.6926,54.03504],[24.70096,54.03252],[24.7051,54.02935],[24.7105,54.03291],[24.71702,54.03467],[24.72504,54.03462],[24.7372,54.03163],[24.7396,54.03836],[24.75078,54.04413],[24.74373,54.0554],[24.74428,54.06484],[24.7405,54.06711]]],[[[23.82546,54.05106],[23.80074,54.03125],[23.79923,54.02631],[23.80117,54.02025],[23.81793,54.02679],[23.82248,54.03196],[23.83087,54.03512],[23.83083,54.04276],[23.82662,54.0459],[23.82546,54.05106]]],[[[23.69277,54.07933],[23.69279,54.07596],[23.68751,54.06718],[23.68603,54.06111],[23.67049,54.04647],[23.67174,54.03254],[23.68624,54.03258],[23.69237,54.0299],[23.69506,54.02699],[23.6951,54.02137],[23.68941,54.01686],[23.68829,54.01372],[23.6997,54.01936],[23.70884,54.02051],[23.71416,54.02411],[23.70955,54.02815],[23.70875,54.03376],[23.70529,54.03757],[23.70601,54.04319],[23.71209,54.0477],[23.71394,54.05601],[23.70972,54.05915],[23.70738,54.06543],[23.70086,54.07036],[23.69859,54.06676],[23.69478,54.06585],[23.69481,54.06091],[23.69215,54.05978],[23.69257,54.05416],[23.68572,54.05123],[23.68842,54.04854],[23.68502,54.04314],[23.68084,54.04133],[23.67973,54.03549],[23.67669,54.0348],[23.67592,54.03592],[23.6755,54.03997],[23.68271,54.04538],[23.68078,54.04874],[23.68151,54.05301],[23.68873,54.05797],[23.68828,54.06673],[23.69552,54.06945],[23.69893,54.0726],[23.69697,54.07889],[23.69277,54.07933]]],[[[23.92091,54.04577],[23.90947,54.04015],[23.90833,54.03678],[23.91408,54.02555],[23.91336,54.0051],[23.91524,54.01971],[23.91942,54.026],[23.92628,54.03005],[23.93735,54.0332],[23.92091,54.04577]]],[[[24.10755,54.03294],[24.1083,54.02778],[24.10562,54.02418],[24.0995,54.02037],[24.09263,54.01925],[24.08652,54.01476],[24.07812,54.01275],[24.07164,54.01275],[24.05753,54.01658],[24.05219,54.01299],[24.0537,54.00625],[24.05103,54.00288],[24.05942,54.00265],[24.07276,53.99792],[24.08305,53.99657],[24.09296,53.99701],[24.10441,54.00037],[24.11318,54.00036],[24.12347,53.99766],[24.13262,53.9972],[24.1658,53.99873],[24.16544,54.00345],[24.17313,54.01939],[24.16707,54.03085],[24.15599,54.0284],[24.14303,54.02954],[24.13729,54.0273],[24.12928,54.02708],[24.10755,54.03294]]],[[[24.83319,54.02292],[24.82288,54.02231],[24.80984,54.01903],[24.79612,54.01957],[24.77051,54.01727],[24.7685,54.01166],[24.76043,54.00812],[24.75499,54.00299],[24.75646,53.99983],[24.7614,53.99868],[24.7602,53.99577],[24.77039,53.99008],[24.77198,53.99344],[24.77849,53.99498],[24.7842,53.99471],[24.78539,53.99695],[24.79307,54.00005],[24.80102,53.99685],[24.80875,54.00196],[24.80804,54.00489],[24.81338,54.00485],[24.82039,54.01244],[24.82766,54.01352],[24.82892,54.01935],[24.83319,54.02292]]],[[[23.88358,54.01923],[23.8733,54.01136],[23.86648,53.99787],[23.87716,53.99609],[23.88823,53.99093],[23.8821,54.00305],[23.88358,54.01923]]],[[[23.74171,54.0116],[23.73561,54.01113],[23.7383,54.00777],[23.73796,54.00193],[23.72885,53.99517],[23.74028,53.99542],[23.75442,53.99073],[23.75896,53.99725],[23.76807,54.00334],[23.76311,54.0049],[23.75851,54.00894],[23.74171,54.0116]]],[[[24.23352,54.10892],[24.22853,54.10376],[24.21743,54.10131],[24.20851,54.07662],[24.21808,54.08042],[24.22458,54.08041],[24.23106,54.0786],[24.23563,54.07499],[24.23637,54.07185],[24.24362,54.07004],[24.25427,54.06215],[24.25613,54.05541],[24.25306,54.0516],[24.24693,54.04891],[24.23281,54.04917],[24.22367,54.05435],[24.21566,54.05594],[24.20957,54.05909],[24.20653,54.06292],[24.20581,54.07011],[24.20119,54.06293],[24.19429,54.05777],[24.19581,54.0562],[24.20421,54.05618],[24.21145,54.05325],[24.21448,54.04942],[24.21446,54.04538],[24.20871,54.04],[24.19686,54.03598],[24.2033,54.02586],[24.20404,54.02114],[24.20401,54.01574],[24.20017,54.01081],[24.19745,54.00048],[24.1982,53.99778],[24.21345,53.99686],[24.22563,53.99347],[24.2386,53.99344],[24.25115,53.98937],[24.27453,54.00729],[24.27536,54.0174],[24.28149,54.02233],[24.28799,54.02433],[24.29601,54.02454],[24.30252,54.02789],[24.31857,54.03167],[24.32242,54.03638],[24.32855,54.03906],[24.33962,54.03925],[24.34723,54.03608],[24.36756,54.04793],[24.36762,54.05512],[24.35847,54.05582],[24.34514,54.06013],[24.33484,54.06128],[24.32605,54.06041],[24.30428,54.06091],[24.2978,54.0625],[24.29248,54.06566],[24.29059,54.06858],[24.29062,54.0724],[24.2937,54.07621],[24.30251,54.07934],[24.31779,54.07975],[24.32351,54.07861],[24.33919,54.07969],[24.35712,54.07694],[24.36969,54.07286],[24.37084,54.07353],[24.36559,54.085],[24.35838,54.08974],[24.3546,54.09515],[24.35004,54.09808],[24.33822,54.10171],[24.31263,54.10447],[24.30535,54.10225],[24.29121,54.10295],[24.28469,54.09915],[24.27895,54.09782],[24.25753,54.09674],[24.24341,54.10014],[24.23352,54.10892]]],[[[24.75329,53.99311],[24.74943,53.99067],[24.74446,53.98957],[24.73646,53.98985],[24.7304,53.99213],[24.71573,53.98189],[24.72408,53.97959],[24.73929,53.9777],[24.75278,53.98593],[24.75512,53.98883],[24.75857,53.98994],[24.75329,53.99311]]],[[[24.31957,54.01257],[24.30808,54.00676],[24.31414,54.00113],[24.31219,53.99439],[24.30492,53.99082],[24.29462,53.98995],[24.28965,53.98839],[24.27203,53.97585],[24.27772,53.97224],[24.28801,53.97199],[24.29523,53.9686],[24.31283,53.97822],[24.32398,53.99054],[24.33278,53.99479],[24.33319,53.99861],[24.33895,54.00331],[24.33897,54.00578],[24.33745,54.00713],[24.32678,54.00828],[24.31957,54.01257]]],[[[23.84239,54.01514],[23.83706,54.01176],[23.82982,54.01018],[23.81878,54.00522],[23.80663,53.99532],[23.79481,53.99418],[23.78531,53.98764],[23.78268,53.98023],[23.77434,53.97325],[23.77208,53.96875],[23.78044,53.97191],[23.78347,53.97663],[23.7869,53.97664],[23.78879,53.97799],[23.79142,53.98653],[23.80434,53.99397],[23.81424,53.99713],[23.8169,53.99983],[23.82299,54.00253],[23.83672,54.003],[23.84239,54.01514]],[[23.79066,53.98676],[23.79104,53.98698],[23.79104,53.98676],[23.79066,53.98676]],[[23.79104,53.98653],[23.79142,53.98676],[23.79142,53.98653],[23.79104,53.98653]]],[[[23.98659,53.98447],[23.97325,53.9775],[23.96563,53.97548],[23.96602,53.96918],[23.96069,53.96402],[23.9546,53.96132],[23.94888,53.96087],[23.96146,53.95458],[23.96375,53.95031],[23.97175,53.95301],[23.97555,53.96582],[23.98888,53.98424],[23.98659,53.98447]]],[[[23.7888,53.97597],[23.78272,53.97371],[23.77893,53.96876],[23.77056,53.96695],[23.76982,53.96223],[23.76375,53.95795],[23.75881,53.95682],[23.74814,53.95769],[23.73635,53.95385],[23.74436,53.95184],[23.75431,53.94378],[23.75656,53.95097],[23.76377,53.95458],[23.77329,53.95505],[23.77825,53.95393],[23.78437,53.94968],[23.78515,53.94563],[23.7992,53.95464],[23.80067,53.96408],[23.79112,53.97058],[23.7888,53.97597]]],[[[24.17068,53.98098],[24.14819,53.98033],[24.13828,53.97899],[24.11846,53.97969],[24.11959,53.97407],[24.11768,53.97115],[24.11271,53.96824],[24.10661,53.96667],[24.09899,53.96668],[24.09252,53.96848],[24.08225,53.9759],[24.08035,53.97882],[24.06701,53.97995],[24.06509,53.97254],[24.06013,53.96962],[24.05518,53.9685],[24.08866,53.94602],[24.09626,53.9395],[24.10312,53.94039],[24.10465,53.94353],[24.10353,53.95072],[24.11039,53.95386],[24.11154,53.95656],[24.11421,53.9579],[24.11839,53.95543],[24.13401,53.95519],[24.1367,53.96147],[24.14395,53.96506],[24.17024,53.96727],[24.179,53.96456],[24.18243,53.96613],[24.19272,53.96611],[24.20112,53.96992],[24.20757,53.96452],[24.21479,53.96091],[24.21668,53.95799],[24.21628,53.95327],[24.23112,53.95122],[24.2372,53.94851],[24.24026,53.95053],[24.2452,53.9485],[24.25054,53.95006],[24.25054,53.95096],[24.2433,53.95075],[24.23836,53.95188],[24.23229,53.95616],[24.23194,53.96268],[24.23463,53.96559],[24.24074,53.96805],[24.23922,53.9694],[24.22929,53.96425],[24.21862,53.96405],[24.21367,53.96563],[24.20874,53.96946],[24.208,53.97508],[24.20954,53.97754],[24.20193,53.97958],[24.17068,53.98098]]],[[[23.5399,54.01481],[23.53349,54.00782],[23.50923,53.99582],[23.50851,53.992],[23.51319,53.98258],[23.51972,53.97879],[23.52359,53.97341],[23.53663,53.96627],[23.54049,53.9609],[23.54133,53.95439],[23.54856,53.95464],[23.55353,53.95353],[23.56083,53.94749],[23.5688,53.95022],[23.57908,53.95048],[23.58404,53.94937],[23.59056,53.94445],[23.58987,53.93726],[23.59139,53.93749],[23.59293,53.93548],[23.59559,53.93638],[23.59447,53.93436],[23.59713,53.93504],[23.59598,53.93549],[23.59749,53.93684],[23.60016,53.93617],[23.60018,53.93415],[23.59828,53.93347],[23.60019,53.93303],[23.60097,53.93078],[23.59794,53.92965],[23.60176,53.92764],[23.60519,53.92765],[23.61017,53.92475],[23.61471,53.92768],[23.63069,53.92773],[23.63523,53.93089],[23.65157,53.93499],[23.65767,53.93455],[23.66645,53.93121],[23.639,53.97988],[23.62304,53.97489],[23.62116,53.97196],[23.61585,53.9688],[23.61633,53.95847],[23.61445,53.95554],[23.60953,53.9526],[23.60459,53.95147],[23.59658,53.95166],[23.59162,53.95322],[23.58701,53.9568],[23.58606,53.97634],[23.59439,53.98154],[23.6027,53.9892],[23.62133,53.99488],[23.62092,53.99825],[23.59649,54.00064],[23.58961,54.00241],[23.58468,53.99992],[23.57859,53.99878],[23.58244,53.99452],[23.58599,53.9833],[23.58347,53.96779],[23.57894,53.96418],[23.57248,53.96236],[23.56333,53.96278],[23.55721,53.96545],[23.55412,53.96926],[23.55473,53.98364],[23.54427,53.99865],[23.54421,54.00405],[23.54796,54.01035],[23.5399,54.01481]],[[23.60061,53.92899],[23.60099,53.92944],[23.60099,53.92899],[23.60061,53.92899]]],[[[24.01174,53.96986],[24.00488,53.9602],[24.00145,53.9474],[23.99841,53.94291],[23.9828,53.93437],[23.97328,53.93144],[23.96681,53.93077],[23.96834,53.92673],[23.97405,53.92695],[23.98433,53.92403],[24.06351,53.93503],[24.01174,53.96986]]],[[[24.26086,53.95655],[24.25397,53.9514],[24.25967,53.94914],[24.25735,53.94263],[24.26304,53.93992],[24.2634,53.9361],[24.27405,53.93495],[24.28652,53.9219],[24.29529,53.92412],[24.28132,53.94078],[24.27639,53.94349],[24.27338,53.94844],[24.26086,53.95655]]],[[[24.44933,54.05462],[24.43365,54.05243],[24.42595,54.04639],[24.41983,54.04484],[24.41787,54.04013],[24.41288,54.03722],[24.40791,54.03612],[24.39227,54.03707],[24.3658,54.02165],[24.36946,54.00434],[24.37402,54.00163],[24.37627,53.99803],[24.37603,53.97152],[24.38129,53.96297],[24.38811,53.95935],[24.39113,53.95552],[24.39069,53.95013],[24.38646,53.94498],[24.37919,53.94141],[24.37005,53.94099],[24.36093,53.94394],[24.35336,53.94935],[24.34917,53.94936],[24.34117,53.94894],[24.3358,53.94446],[24.32969,53.94178],[24.32055,53.94135],[24.31485,53.94272],[24.32126,53.93439],[24.34327,53.92557],[24.34628,53.92174],[24.34625,53.91792],[24.34317,53.91411],[24.33439,53.91099],[24.32489,53.91146],[24.30515,53.91893],[24.30361,53.91624],[24.30626,53.91398],[24.31006,53.91375],[24.31687,53.90856],[24.32372,53.90877],[24.32864,53.90539],[24.33131,53.90538],[24.33168,53.90403],[24.35178,53.89678],[24.39178,53.90363],[24.43402,53.90438],[24.43512,53.901],[24.43741,53.90122],[24.43704,53.90257],[24.44046,53.90166],[24.44391,53.90457],[24.44809,53.9041],[24.45002,53.90612],[24.4523,53.90611],[24.45346,53.90835],[24.45728,53.90946],[24.4554,53.91104],[24.4573,53.91081],[24.45694,53.91306],[24.45963,53.91574],[24.45965,53.91686],[24.4585,53.91687],[24.45814,53.91822],[24.46311,53.92067],[24.46425,53.92022],[24.46244,53.92831],[24.46552,53.93212],[24.47622,53.93567],[24.48726,53.93495],[24.48689,53.93653],[24.48994,53.93629],[24.49033,53.93741],[24.49377,53.93807],[24.49303,53.94032],[24.49685,53.94165],[24.49649,53.94323],[24.50337,53.945],[24.50416,53.94791],[24.50645,53.9479],[24.50647,53.94948],[24.50838,53.94969],[24.50725,53.95149],[24.50878,53.95149],[24.50765,53.95284],[24.50959,53.9553],[24.50775,53.9607],[24.51044,53.96249],[24.51463,53.9627],[24.51696,53.96651],[24.52801,53.96623],[24.53414,53.96935],[24.53834,53.97001],[24.53951,53.9718],[24.5437,53.97155],[24.54334,53.97313],[24.546,53.97267],[24.54602,53.97446],[24.54831,53.97445],[24.54832,53.97535],[24.55673,53.97711],[24.5488,53.98299],[24.54848,53.98771],[24.55043,53.99062],[24.56195,53.99663],[24.57302,53.99793],[24.57802,54.00082],[24.58529,54.00259],[24.60035,54.01554],[24.60765,54.01955],[24.60845,54.02202],[24.60545,54.02563],[24.60294,54.03642],[24.59002,54.04031],[24.56576,54.05278],[24.54394,54.04839],[24.50804,54.04764],[24.49472,54.05084],[24.48366,54.05156],[24.47181,54.05071],[24.44933,54.05462]],[[24.45812,53.91665],[24.4585,53.91687],[24.4585,53.91664],[24.45812,53.91665]]]]}},{"type":"Feature","properties":{"km":2},"geometry":{"type":"MultiPolygon","coordinates":[[[[24.87242,56.391],[24.87157,56.38898],[24.89062,56.37268],[24.91745,56.34419],[24.91653,56.35632],[24.91073,56.36759],[24.90521,56.3737],[24.90182,56.38428],[24.8942,56.38725],[24.88368,56.38778],[24.87242,56.391]]],[[[24.86794,56.31849],[24.86579,56.31289],[24.86694,56.30997],[24.87496,56.30744],[24.87743,56.30944],[24.86794,56.31849]]],[[[22.61944,56.31968],[22.6071,56.30337],[22.61576,56.29853],[22.62044,56.29184],[22.62064,56.28623],[22.61645,56.27945],[22.62061,56.2759],[22.62286,56.26941],[22.6382,56.26935],[22.65248,56.26502],[22.65427,56.27155],[22.66013,56.27701],[22.67168,56.28162],[22.68293,56.28331],[22.67189,56.28724],[22.65409,56.28817],[22.64222,56.29253],[22.63469,56.29986],[22.63136,56.31397],[22.62482,56.31615],[22.61944,56.31968]]],[[[24.97931,56.28038],[24.96191,56.27872],[24.9646,56.27354],[24.96403,56.2668],[24.95985,56.26122],[24.95208,56.25679],[24.95596,56.25047],[24.95538,56.24374],[24.95121,56.23816],[24.94548,56.23461],[24.93874,56.22276],[24.96586,56.22726],[25.01707,56.2428],[25.01336,56.25496],[24.99185,56.26591],[24.9825,56.27901],[24.97931,56.28038]]],[[[23.22649,56.21761],[23.22092,56.21398],[23.22818,56.2138],[23.23952,56.21095],[23.24234,56.2112],[23.22649,56.21761]]],[[[24.51567,56.17673],[24.50706,56.16487],[24.50178,56.16152],[24.4937,56.15886],[24.49525,56.15413],[24.49847,56.15435],[24.50414,56.15747],[24.51273,56.16731],[24.52365,56.17131],[24.51567,56.17673]]],[[[25.21738,56.14936],[25.20002,56.1475],[25.21367,56.13367],[25.22084,56.13158],[25.23418,56.13347],[25.24393,56.13674],[25.24509,56.14773],[25.22699,56.14791],[25.21738,56.14936]]],[[[25.68967,56.10135],[25.65879,56.08402],[25.6575,56.08224],[25.66204,56.07567],[25.66422,56.07968],[25.67048,56.08499],[25.67744,56.08804],[25.68756,56.08992],[25.68603,56.09152],[25.69158,56.09908],[25.68967,56.10135]]],[[[24.54175,56.0275],[24.54566,56.0203],[24.54559,56.01558],[24.56529,56.01931],[24.55532,56.02295],[24.54977,56.02702],[24.54175,56.0275]]],[[[24.62223,55.96896],[24.62245,55.95817],[24.62079,55.95459],[24.62757,55.95253],[24.62823,55.96892],[24.62223,55.96896]]],[[[22.13352,55.86497],[22.12199,55.8639],[22.13423,55.85847],[22.13936,55.85136],[22.14574,55.85168],[22.1418,55.8588],[22.13352,55.86497]]],[[[24.43398,55.85904],[24.42838,55.85771],[24.43189,55.85029],[24.44827,55.85135],[24.45544,55.85021],[24.46578,55.84657],[24.46461,55.84882],[24.45549,55.8538],[24.44472,55.85519],[24.43398,55.85904]]],[[[23.26875,55.86055],[23.25844,55.85667],[23.25495,55.85081],[23.26736,55.84954],[23.28021,55.84535],[23.28764,55.85348],[23.27958,55.85747],[23.27198,55.85833],[23.26875,55.86055]]],[[[24.56796,55.84547],[24.5535,55.83947],[24.56142,55.83517],[24.58069,55.84249],[24.59867,55.84353],[24.56796,55.84547]]],[[[25.24563,55.8279],[25.23938,55.81965],[25.25291,55.81839],[25.26437,55.81513],[25.26413,55.82007],[25.25503,55.82241],[25.24563,55.8279]]],[[[25.01303,55.78287],[25.0109,55.77772],[25.0056,55.77305],[25.02059,55.76731],[25.01601,55.77498],[25.01617,55.78127],[25.01303,55.78287]]],[[[24.58571,55.75173],[24.57971,55.74974],[24.57292,55.74865],[24.5908,55.74587],[24.58571,55.75173]]],[[[23.40809,55.73059],[23.40614,55.72834],[23.40749,55.71801],[23.41696,55.72322],[23.42886,55.72552],[23.41526,55.73063],[23.40809,55.73059]]],[[[23.40204,55.7099],[23.39574,55.7056],[23.38469,55.70016],[23.40456,55.70115],[23.40204,55.7099]]],[[[25.20849,55.72383],[25.21151,55.71863],[25.2109,55.7119],[25.19567,55.69498],[25.20756,55.69374],[25.21778,55.69004],[25.24349,55.69832],[25.25667,55.69998],[25.24803,55.70322],[25.24219,55.70732],[25.23772,55.71702],[25.20849,55.72383]]],[[[26.19271,55.65224],[26.18941,55.65005],[26.178,55.64486],[26.18777,55.64199],[26.19433,55.64569],[26.20191,55.64623],[26.19271,55.65224]]],[[[26.27559,55.61523],[26.26098,55.60966],[26.2758,55.60512],[26.2987,55.58964],[26.3051,55.59042],[26.3135,55.58487],[26.31829,55.58545],[26.32367,55.58243],[26.33074,55.5814],[26.33476,55.58896],[26.31856,55.60342],[26.3145,55.60192],[26.31186,55.60422],[26.30278,55.60506],[26.30048,55.60646],[26.29016,55.60642],[26.28314,55.60858],[26.27857,55.61181],[26.27656,55.6114],[26.27767,55.61003],[26.27409,55.60987],[26.27261,55.61169],[26.275,55.61187],[26.27559,55.61523]]],[[[23.31548,55.6095],[23.3068,55.60676],[23.30179,55.59864],[23.29512,55.59456],[23.28762,55.59227],[23.28844,55.59093],[23.29792,55.59323],[23.30743,55.59351],[23.3093,55.60003],[23.31634,55.60591],[23.31548,55.6095]]],[[[24.27904,55.63468],[24.26989,55.63133],[24.26313,55.63044],[24.2639,55.62707],[24.26983,55.62369],[24.27535,55.61784],[24.27804,55.60548],[24.28631,55.59693],[24.29502,55.59489],[24.30885,55.58856],[24.31613,55.60561],[24.31548,55.62358],[24.30635,55.62383],[24.29129,55.62701],[24.27904,55.63468]]],[[[21.19397,55.57548],[21.20154,55.56936],[21.20091,55.5671],[21.2072,55.55668],[21.20602,55.54542],[21.20985,55.53607],[21.21604,55.53823],[21.21645,55.54363],[21.22042,55.54912],[21.23185,55.55567],[21.22036,55.56125],[21.21288,55.57164],[21.2029,55.57254],[21.19397,55.57548]]],[[[26.02031,55.56017],[26.00222,55.5553],[25.98831,55.55441],[25.99326,55.55051],[25.99764,55.54302],[25.9969,55.5363],[25.99224,55.53031],[26.00585,55.52537],[26.01273,55.52054],[26.01568,55.51622],[26.01974,55.51817],[26.014,55.52209],[26.00813,55.53117],[26.00832,55.54262],[26.01582,55.54991],[26.02312,55.55316],[26.03555,55.55588],[26.0381,55.55921],[26.02031,55.56017]]],[[[23.48442,55.55598],[23.48019,55.54652],[23.46963,55.53592],[23.45782,55.53116],[23.44398,55.52997],[23.44609,55.52055],[23.44222,55.51424],[23.44658,55.51359],[23.44898,55.51158],[23.44745,55.50775],[23.45221,55.5071],[23.45173,55.51361],[23.45677,55.52104],[23.46344,55.52512],[23.47251,55.52785],[23.47485,55.53123],[23.48073,55.53507],[23.48265,55.54025],[23.48734,55.54453],[23.48572,55.5479],[23.48641,55.55553],[23.48442,55.55598]]],[[[26.0642,55.45992],[26.0606,55.45908],[26.06616,55.45203],[26.06612,55.44372],[26.06143,55.43706],[26.0557,55.43333],[26.05823,55.4288],[26.05793,55.42296],[26.06535,55.42126],[26.0632,55.42557],[26.06569,55.43541],[26.07189,55.4407],[26.09255,55.45023],[26.07363,55.45864],[26.0642,55.45992]]],[[[26.11099,55.4106],[26.10061,55.40853],[26.0888,55.40918],[26.088,55.40897],[26.09445,55.40392],[26.10785,55.40346],[26.11205,55.40833],[26.11099,55.4106]]],[[[24.13263,55.42695],[24.10261,55.42675],[24.09905,55.42271],[24.10337,55.41597],[24.12467,55.40921],[24.12943,55.41505],[24.13263,55.42695]]],[[[21.2538,55.34877],[21.25298,55.34359],[21.24913,55.34215],[21.24962,55.34081],[21.24409,55.34091],[21.24504,55.33869],[21.25099,55.33815],[21.2576,55.33942],[21.25711,55.3466],[21.2538,55.34877]]],[[[24.19824,55.35768],[24.19074,55.35545],[24.19267,55.34826],[24.22368,55.32529],[24.22645,55.32641],[24.22765,55.3309],[24.22611,55.33719],[24.22219,55.34079],[24.22025,55.34574],[24.20726,55.34958],[24.19824,55.35768]]],[[[26.56934,55.29915],[26.56417,55.29836],[26.56301,55.29254],[26.57278,55.28537],[26.58628,55.29317],[26.56934,55.29915]]],[[[21.27893,55.28709],[21.27904,55.28552],[21.27257,55.28223],[21.26368,55.27979],[21.27658,55.27536],[21.28301,55.27932],[21.2818,55.28536],[21.27893,55.28709]]],[[[21.2642,55.278],[21.26496,55.26701],[21.27083,55.26175],[21.27295,55.25371],[21.2704,55.25073],[21.26456,55.24992],[21.26192,55.24829],[21.26394,55.24744],[21.26326,55.24585],[21.27036,55.24556],[21.28611,55.25108],[21.27754,55.25561],[21.27276,55.26224],[21.27236,55.26807],[21.27624,55.27468],[21.2642,55.278]]],[[[26.72944,55.27343],[26.726,55.26923],[26.71942,55.26511],[26.70053,55.25924],[26.68667,55.25797],[26.67332,55.25827],[26.66634,55.25977],[26.65099,55.25965],[26.6439,55.25374],[26.62402,55.24451],[26.61775,55.2388],[26.60478,55.23301],[26.61846,55.22575],[26.62794,55.22645],[26.62974,55.23585],[26.63934,55.24418],[26.65867,55.25095],[26.67642,55.25168],[26.68803,55.24896],[26.69637,55.24428],[26.70924,55.23118],[26.71339,55.22278],[26.71366,55.22682],[26.71996,55.23836],[26.7316,55.24754],[26.74014,55.25162],[26.73555,55.25936],[26.73594,55.26497],[26.74074,55.27182],[26.72944,55.27343]]],[[[25.85798,55.21904],[25.84053,55.21548],[25.84048,55.21436],[25.84524,55.19834],[25.85254,55.19486],[25.85853,55.1887],[25.86512,55.19512],[25.87973,55.20523],[25.89498,55.21195],[25.88418,55.21639],[25.85798,55.21904]],[[25.85626,55.21592],[25.86719,55.21418],[25.8674,55.21036],[25.86304,55.20953],[25.85169,55.21037],[25.84978,55.21175],[25.85027,55.21376],[25.85626,55.21592]]],[[[22.59613,55.24083],[22.59031,55.23875],[22.58131,55.23752],[22.57761,55.23096],[22.568,55.22501],[22.55555,55.22149],[22.54732,55.22094],[22.54675,55.2151],[22.54148,55.20874],[22.53339,55.20438],[22.52209,55.202],[22.52494,55.19911],[22.53444,55.1972],[22.54601,55.19218],[22.55209,55.18686],[22.55428,55.18059],[22.56422,55.17712],[22.57141,55.18461],[22.58146,55.18922],[22.59314,55.19183],[22.60923,55.19224],[22.61382,55.19566],[22.6016,55.20833],[22.59929,55.21796],[22.60112,55.22202],[22.60682,55.22748],[22.61806,55.23187],[22.61863,55.23817],[22.61307,55.2399],[22.59613,55.24083]]],[[[24.43987,55.17579],[24.4371,55.17333],[24.4279,55.15697],[24.43934,55.16321],[24.4476,55.16521],[24.43987,55.17579]]],[[[25.89591,55.14904],[25.86275,55.14438],[25.88299,55.14115],[25.89323,55.14212],[25.90732,55.14145],[25.93668,55.13222],[25.9378,55.13917],[25.94522,55.14646],[25.90835,55.1466],[25.89591,55.14904]]],[[[22.5731,55.15947],[22.56975,55.15427],[22.57581,55.1494],[22.57793,55.14493],[22.59496,55.14019],[22.60542,55.13267],[22.61719,55.13235],[22.63298,55.12939],[22.62528,55.13649],[22.62011,55.13868],[22.60558,55.13918],[22.59132,55.14329],[22.58206,55.15014],[22.57747,55.15773],[22.5731,55.15947]]],[[[22.43648,55.1715],[22.43033,55.16828],[22.41865,55.16588],[22.4129,55.16244],[22.40359,55.15984],[22.39027,55.15922],[22.38,55.1611],[22.38056,55.13752],[22.38494,55.12613],[22.39097,55.12239],[22.39555,55.11571],[22.39413,55.10221],[22.41059,55.1022],[22.42284,55.09944],[22.43799,55.10278],[22.44975,55.10271],[22.45963,55.10036],[22.47678,55.10282],[22.48813,55.10296],[22.50277,55.09933],[22.51534,55.09836],[22.52129,55.09641],[22.53576,55.09681],[22.51116,55.11583],[22.50619,55.12296],[22.49902,55.12601],[22.49213,55.13199],[22.48293,55.13682],[22.47715,55.14439],[22.4649,55.14693],[22.45128,55.15417],[22.44671,55.16085],[22.44794,55.16963],[22.43648,55.1715]]],[[[25.79612,55.13685],[25.78465,55.13454],[25.79391,55.13126],[25.79923,55.12736],[25.80323,55.12057],[25.80296,55.1145],[25.79835,55.10783],[25.7923,55.1041],[25.79594,55.09776],[25.79481,55.09014],[25.78453,55.07906],[25.77933,55.0679],[25.77081,55.06106],[25.77481,55.05426],[25.77414,55.04776],[25.79664,55.05237],[25.80681,55.05222],[25.81919,55.04911],[25.82391,55.04949],[25.8164,55.05657],[25.81428,55.06154],[25.81591,55.07163],[25.82329,55.07893],[25.83128,55.08241],[25.83959,55.0843],[25.85486,55.0843],[25.87248,55.09256],[25.89301,55.09606],[25.90186,55.10087],[25.89186,55.10484],[25.86292,55.10596],[25.82172,55.11333],[25.80496,55.12413],[25.8013,55.12981],[25.80114,55.13497],[25.79612,55.13685]]],[[[25.94203,55.07283],[25.93237,55.06736],[25.92363,55.06458],[25.91715,55.06019],[25.90919,55.0574],[25.94537,55.05278],[25.95459,55.04926],[25.96172,55.04308],[25.96525,55.05134],[25.95622,55.05867],[25.95469,55.06746],[25.95282,55.06928],[25.94203,55.07283]]],[[[24.41432,55.01977],[24.40335,55.01756],[24.39548,55.01197],[24.38333,55.00887],[24.37506,55.00193],[24.40362,55.00566],[24.41808,55.00539],[24.43368,55.00264],[24.43564,55.00353],[24.43527,55.00533],[24.41432,55.01977]]],[[[26.04548,54.99003],[26.03577,54.98345],[26.02621,54.97979],[26.0309,54.97208],[26.03061,54.96646],[26.02598,54.9598],[26.01674,54.95456],[25.9997,54.94945],[26.02319,54.943],[26.02948,54.94402],[26.04384,54.94243],[26.04916,54.94728],[26.05595,54.95031],[26.08077,54.95461],[26.0726,54.96284],[26.07627,54.96592],[26.0677,54.96629],[26.05806,54.9687],[26.04822,54.97471],[26.04426,54.98151],[26.04548,54.99003]]],[[[25.89137,54.9449],[25.88446,54.93916],[25.88512,54.93646],[25.89133,54.93591],[25.9079,54.93138],[25.91542,54.93374],[25.91908,54.93682],[25.92929,54.93823],[25.9188,54.93907],[25.90836,54.94104],[25.90032,54.94431],[25.89137,54.9449]]],[[[23.38503,54.94053],[23.36642,54.93302],[23.36731,54.92584],[23.36351,54.91976],[23.37676,54.9205],[23.38048,54.93175],[23.38664,54.93717],[23.38503,54.94053]]],[[[23.31996,54.91233],[23.30837,54.90598],[23.31893,54.90379],[23.32286,54.90179],[23.33526,54.90635],[23.34187,54.90729],[23.34493,54.9109],[23.32934,54.91059],[23.31996,54.91233]]],[[[25.62487,54.79127],[25.61629,54.79071],[25.60838,54.78722],[25.59428,54.78471],[25.60014,54.77542],[25.60724,54.76837],[25.61201,54.771],[25.61263,54.77683],[25.61674,54.78239],[25.62667,54.78788],[25.62487,54.79127]]],[[[25.74375,54.7712],[25.73123,54.76936],[25.72905,54.76377],[25.72462,54.76001],[25.73499,54.74818],[25.735,54.73942],[25.74637,54.74195],[25.74533,54.75388],[25.74968,54.7646],[25.74375,54.7712]]],[[[25.53046,54.76217],[25.51318,54.757],[25.50226,54.75601],[25.49539,54.74868],[25.48045,54.7437],[25.48581,54.74161],[25.49109,54.73728],[25.50051,54.74008],[25.51103,54.74107],[25.51681,54.75044],[25.53046,54.76217]]],[[[24.80104,54.57195],[24.79945,54.56972],[24.80596,54.56653],[24.81279,54.55997],[24.82407,54.56326],[24.81302,54.57142],[24.80104,54.57195]]],[[[24.04977,54.54202],[24.04474,54.5382],[24.03315,54.53371],[24.0316,54.52967],[24.0258,54.52406],[24.04318,54.52518],[24.05708,54.5218],[24.06713,54.52584],[24.07756,54.5274],[24.08067,54.53594],[24.05981,54.5382],[24.04977,54.54202]]],[[[23.81264,54.52212],[23.80571,54.51829],[23.79607,54.51603],[23.80765,54.51627],[23.8146,54.51516],[23.82659,54.51001],[23.82464,54.5145],[23.81846,54.51718],[23.81264,54.52212]]],[[[22.77109,54.52343],[22.76188,54.52132],[22.75107,54.52121],[22.75907,54.5123],[22.76129,54.50266],[22.76535,54.50877],[22.77293,54.51357],[22.77109,54.52343]]],[[[23.55337,54.53581],[23.54412,54.53443],[23.53684,54.52946],[23.5396,54.52408],[23.53967,54.51802],[23.53778,54.51397],[23.53053,54.50697],[23.53556,54.5061],[23.53972,54.51375],[23.54854,54.51917],[23.55778,54.52168],[23.56781,54.52216],[23.5693,54.52711],[23.56155,54.52978],[23.55337,54.53581]]],[[[23.63869,54.49859],[23.62873,54.49002],[23.62685,54.4844],[23.62265,54.48012],[23.63381,54.48262],[23.63764,54.48668],[23.64456,54.48939],[23.64334,54.49568],[23.63869,54.49859]]],[[[25.21611,54.46111],[25.21059,54.45712],[25.20202,54.45406],[25.20889,54.45197],[25.22859,54.45312],[25.2256,54.4563],[25.21611,54.46111]]],[[[24.84507,54.45731],[24.83015,54.44393],[24.81763,54.43481],[24.83149,54.43404],[24.84273,54.43733],[24.87363,54.44048],[24.86331,54.44438],[24.84507,54.45731]]],[[[24.94872,54.43744],[24.93097,54.43668],[24.92903,54.43603],[24.94045,54.42987],[24.94868,54.4361],[24.94872,54.43744]]],[[[23.61266,54.47537],[23.5696,54.46219],[23.53798,54.46253],[23.53141,54.46362],[23.52762,54.45777],[23.5173,54.45031],[23.51078,54.44714],[23.50194,54.44509],[23.5028,54.4379],[23.4994,54.43205],[23.50789,54.43163],[23.51871,54.42853],[23.52608,54.42384],[23.52962,54.41824],[23.54226,54.4239],[23.55882,54.42509],[23.55754,54.43677],[23.56246,54.44465],[23.57242,54.45052],[23.58204,54.4528],[23.59128,54.45328],[23.59739,54.45959],[23.61312,54.46841],[23.61266,54.47537]]],[[[24.91884,54.3595],[24.90339,54.35647],[24.88762,54.35659],[24.88473,54.34762],[24.88739,54.34581],[24.89661,54.34551],[24.9078,54.34723],[24.92048,54.34668],[24.91884,54.3595]]],[[[25.08593,54.42348],[25.08679,54.41247],[25.08116,54.40331],[25.07294,54.39821],[25.05701,54.39251],[25.05005,54.39145],[25.03315,54.39272],[25.0221,54.39731],[25.01572,54.40433],[25.01339,54.40345],[25.00713,54.39923],[25.00811,54.39203],[25.01106,54.38707],[25.0089,54.37743],[24.9991,54.37009],[24.9844,54.36662],[24.98185,54.35631],[24.99015,54.34972],[24.9919,54.34252],[25.00143,54.33907],[25.00671,54.33498],[25.01514,54.33379],[25.02238,54.33126],[25.0303,54.32513],[25.04657,54.33038],[25.06388,54.33068],[25.07191,54.32926],[25.09097,54.32302],[25.10398,54.32088],[25.11272,54.31743],[25.1213,54.32184],[25.13289,54.32421],[25.14365,54.3241],[25.15549,54.32152],[25.15646,54.3287],[25.14185,54.32839],[25.12869,54.32514],[25.111,54.32463],[25.08807,54.32956],[25.08124,54.33299],[25.07524,54.33889],[25.07306,54.34385],[25.07324,54.35081],[25.07567,54.35551],[25.08158,54.36085],[25.08859,54.36415],[25.10135,54.36651],[25.11856,54.37691],[25.14339,54.38409],[25.1446,54.38588],[25.14234,54.38792],[25.13385,54.38688],[25.12039,54.38745],[25.10591,54.39275],[25.09918,54.40023],[25.09861,54.40787],[25.10303,54.41457],[25.10774,54.41789],[25.08593,54.42348]]],[[[25.67748,54.32348],[25.67536,54.31857],[25.67055,54.31369],[25.67859,54.31313],[25.68657,54.311],[25.70465,54.30198],[25.70509,54.30355],[25.67748,54.32348]]],[[[24.54893,54.3112],[24.55309,54.30579],[24.56768,54.3055],[24.57572,54.30344],[24.58144,54.30049],[24.59113,54.30696],[24.56424,54.30686],[24.55734,54.30802],[24.54893,54.3112]]],[[[24.78953,54.25573],[24.78295,54.25285],[24.79317,54.24537],[24.81495,54.24118],[24.81658,54.24589],[24.79978,54.25027],[24.78953,54.25573]]],[[[24.62289,54.2731],[24.61514,54.2682],[24.61469,54.26326],[24.61077,54.25766],[24.60032,54.25188],[24.60219,54.24827],[24.60172,54.24221],[24.61162,54.23767],[24.62127,54.24211],[24.63489,54.25462],[24.62289,54.2731]]],[[[24.69104,54.23948],[24.6704,54.22006],[24.65685,54.21227],[24.66137,54.20708],[24.6706,54.20882],[24.68056,54.20877],[24.69163,54.20623],[24.6925,54.21252],[24.69836,54.21877],[24.69924,54.22573],[24.70472,54.23199],[24.69748,54.23473],[24.69104,54.23948]]],[[[24.37104,54.18091],[24.35185,54.17603],[24.35487,54.17153],[24.35522,54.16726],[24.36899,54.16564],[24.36982,54.17283],[24.37562,54.1791],[24.37104,54.18091]]],[[[24.28282,54.16228],[24.27171,54.16006],[24.28737,54.15553],[24.28816,54.1589],[24.28282,54.16228]]],[[[24.35146,54.12998],[24.35105,54.12773],[24.36709,54.12431],[24.3808,54.11865],[24.39145,54.11166],[24.39637,54.10647],[24.4056,54.11273],[24.42104,54.12728],[24.4084,54.12463],[24.39884,54.12466],[24.38662,54.12672],[24.3671,54.12589],[24.35146,54.12998]]],[[[24.55418,54.18717],[24.53119,54.15628],[24.50765,54.14065],[24.50416,54.13662],[24.51592,54.12871],[24.52619,54.12462],[24.53298,54.11718],[24.53286,54.10752],[24.52354,54.0961],[24.51698,54.09141],[24.50777,54.08808],[24.49133,54.08703],[24.48446,54.08818],[24.47533,54.09158],[24.47003,54.09542],[24.46589,54.10151],[24.45661,54.09233],[24.44121,54.08138],[24.45879,54.08199],[24.47939,54.07854],[24.50306,54.07754],[24.51869,54.07501],[24.53322,54.07562],[24.56154,54.07998],[24.55127,54.08295],[24.54255,54.08838],[24.53843,54.09514],[24.53851,54.1012],[24.54281,54.10792],[24.54859,54.11194],[24.55897,54.11571],[24.56586,54.1168],[24.57733,54.11652],[24.588,54.11378],[24.59672,54.10834],[24.60082,54.10158],[24.60074,54.09574],[24.59644,54.08902],[24.58757,54.08345],[24.57683,54.08036],[24.5837,54.0801],[24.59941,54.08294],[24.62462,54.08281],[24.62091,54.09002],[24.61223,54.09726],[24.60858,54.10918],[24.59307,54.12094],[24.58896,54.12748],[24.58217,54.13425],[24.57496,54.13855],[24.56969,54.14464],[24.56672,54.15162],[24.56624,54.17252],[24.55418,54.18717]]],[[[24.72918,54.05347],[24.71162,54.05335],[24.69516,54.05075],[24.68676,54.0508],[24.67865,54.045],[24.69466,54.04401],[24.70454,54.04149],[24.71565,54.04367],[24.72748,54.04337],[24.7325,54.04694],[24.72918,54.05347]]],[[[24.11858,54.0199],[24.11208,54.01474],[24.10215,54.01138],[24.09757,54.00846],[24.11473,54.00935],[24.13265,54.00641],[24.15172,54.00729],[24.15672,54.01941],[24.1449,54.01965],[24.13726,54.01809],[24.12773,54.0181],[24.11858,54.0199]]],[[[24.31523,54.09503],[24.30681,54.09326],[24.29611,54.09328],[24.28386,54.08927],[24.26703,54.08773],[24.25251,54.08821],[24.23038,54.0941],[24.22883,54.08894],[24.24218,54.08487],[24.2494,54.07834],[24.25664,54.07518],[24.26728,54.06684],[24.27106,54.06122],[24.2714,54.05448],[24.26716,54.04775],[24.25834,54.04237],[24.24573,54.03948],[24.23504,54.0395],[24.2278,54.04086],[24.22358,54.03615],[24.21554,54.0319],[24.21894,54.02583],[24.21926,54.01482],[24.21426,54.00584],[24.22721,54.00267],[24.23865,54.00265],[24.24779,54.00106],[24.25967,54.01069],[24.26165,54.02147],[24.27047,54.02864],[24.28118,54.03244],[24.29035,54.03354],[24.30717,54.03866],[24.3137,54.04404],[24.32289,54.04738],[24.32977,54.04849],[24.34503,54.04755],[24.34733,54.04889],[24.33438,54.05207],[24.31223,54.05146],[24.29583,54.05307],[24.28516,54.05692],[24.27719,54.06367],[24.27531,54.06772],[24.27612,54.07536],[24.28036,54.08074],[24.28956,54.08589],[24.2976,54.08789],[24.30869,54.08876],[24.32397,54.08782],[24.3427,54.08844],[24.34081,54.09069],[24.33204,54.09341],[24.31523,54.09503]]],[[[24.79785,54.01035],[24.78295,54.0091],[24.7779,54.00419],[24.77174,54.00108],[24.77163,53.99547],[24.76887,53.99009],[24.77117,53.99075],[24.77198,53.99344],[24.7804,53.99519],[24.78469,54.0001],[24.80012,54.00966],[24.79785,54.01035]]],[[[23.52945,53.99455],[23.52452,53.99229],[23.52571,53.98802],[23.53955,53.97729],[23.53833,53.98425],[23.52945,53.99455]]],[[[24.11955,53.96037],[24.10811,53.95768],[24.09745,53.95769],[24.09059,53.95905],[24.08983,53.95882],[24.1039,53.94915],[24.10353,53.95072],[24.11039,53.95386],[24.11345,53.95768],[24.11877,53.95543],[24.11955,53.96037]]],[[[23.63151,53.96436],[23.6312,53.95649],[23.62669,53.95019],[23.61759,53.94499],[23.60619,53.94271],[23.60623,53.93867],[23.60176,53.92787],[23.60519,53.92765],[23.61017,53.92475],[23.61471,53.92768],[23.63069,53.92773],[23.63523,53.93089],[23.64853,53.9343],[23.63151,53.96436]]],[[[24.01821,53.95211],[24.01592,53.94448],[24.00945,53.93661],[23.9946,53.9283],[23.98242,53.92403],[24.04676,53.93279],[24.01821,53.95211]]],[[[24.44885,54.04541],[24.44311,54.04453],[24.42197,54.03],[24.41126,54.02735],[24.39714,54.02717],[24.38179,54.01823],[24.38475,54.00789],[24.39153,53.99888],[24.39129,53.97305],[24.39467,53.96787],[24.4045,53.96042],[24.40631,53.95008],[24.39859,53.93955],[24.39399,53.93642],[24.38482,53.93308],[24.37796,53.93198],[24.36502,53.93247],[24.35704,53.93451],[24.34794,53.93903],[24.34374,53.9368],[24.35663,53.93002],[24.36151,53.92259],[24.36107,53.91585],[24.35645,53.90958],[24.34728,53.90444],[24.33737,53.90222],[24.35178,53.89678],[24.39178,53.90363],[24.43402,53.90438],[24.43512,53.901],[24.43741,53.90122],[24.43704,53.90257],[24.44046,53.90166],[24.44391,53.90457],[24.44809,53.9041],[24.45002,53.90612],[24.4523,53.90611],[24.45346,53.90835],[24.45575,53.90879],[24.44715,53.92298],[24.44761,53.93039],[24.45225,53.93666],[24.46029,53.94135],[24.47137,53.94423],[24.48508,53.94462],[24.49648,53.9421],[24.49649,53.94323],[24.50375,53.94522],[24.50416,53.94791],[24.50645,53.9479],[24.50647,53.94948],[24.50838,53.94969],[24.50725,53.95149],[24.50878,53.95149],[24.50765,53.95284],[24.50959,53.9553],[24.50775,53.9607],[24.51044,53.96249],[24.51463,53.9627],[24.51696,53.96651],[24.52801,53.96623],[24.53414,53.96935],[24.53834,53.97001],[24.53951,53.9718],[24.5437,53.97155],[24.53728,53.9763],[24.53318,53.98306],[24.53325,53.98867],[24.53753,53.9954],[24.55404,54.00431],[24.57471,54.0096],[24.59091,54.02255],[24.58987,54.0302],[24.57924,54.03384],[24.56257,54.04291],[24.54535,54.03939],[24.50641,54.03866],[24.49309,54.04187],[24.47018,54.04173],[24.44885,54.04541]]]]}},{"type":"Feature","properties":{"km":3},"geometry":{"type":"MultiPolygon","coordinates":[[[[24.97762,56.26153],[24.97058,56.25462],[24.97193,56.24406],[24.96937,56.23869],[24.99904,56.24744],[24.99753,56.25149],[24.98715,56.25562],[24.97762,56.26153]]],[[[24.29241,55.6169],[24.29353,55.60792],[24.29905,55.60386],[24.30033,55.61554],[24.29241,55.6169]]],[[[22.58423,55.2216],[22.57536,55.21701],[22.56174,55.21325],[22.55804,55.20692],[22.55116,55.20167],[22.56404,55.19306],[22.57799,55.19839],[22.59126,55.20057],[22.58425,55.21015],[22.58423,55.2216]]],[[[22.4311,55.15863],[22.41253,55.1521],[22.39612,55.15031],[22.39752,55.13505],[22.39927,55.13058],[22.40946,55.12083],[22.41142,55.11097],[22.42244,55.10955],[22.43647,55.11175],[22.44861,55.1119],[22.46123,55.10982],[22.47526,55.11179],[22.48897,55.11196],[22.49842,55.11073],[22.49308,55.11718],[22.47302,55.12951],[22.46528,55.13705],[22.45577,55.13962],[22.44218,55.14619],[22.43528,55.15217],[22.4311,55.15863]]],[[[25.81392,55.10558],[25.81024,55.10227],[25.81163,55.0982],[25.80955,55.087],[25.79967,55.07614],[25.79575,55.06743],[25.79037,55.06077],[25.79861,55.06133],[25.80117,55.07477],[25.81061,55.08429],[25.82539,55.09081],[25.83804,55.09331],[25.84942,55.09359],[25.85703,55.09729],[25.84385,55.10041],[25.82437,55.10273],[25.81392,55.10558]]],[[[26.04489,54.96308],[26.04189,54.95774],[26.03495,54.95179],[26.01856,54.9442],[26.02319,54.943],[26.02751,54.9436],[26.03655,54.95266],[26.04576,54.95722],[26.05447,54.95955],[26.04489,54.96308]]],[[[23.54078,54.45355],[23.53008,54.4452],[23.5182,54.43954],[23.53486,54.43174],[23.54216,54.43311],[23.54512,54.44436],[23.55428,54.45293],[23.54078,54.45355]]],[[[25.08668,54.3936],[25.06955,54.38611],[25.05831,54.38329],[25.03866,54.38256],[25.0264,54.38469],[25.02465,54.37639],[25.01949,54.36992],[25.00971,54.36349],[24.99808,54.35977],[25.00372,54.3541],[25.00664,54.34779],[25.01575,54.343],[25.02607,54.34066],[25.03368,54.33723],[25.04681,54.33959],[25.05911,54.3397],[25.05788,54.35162],[25.0651,54.36301],[25.07527,54.36966],[25.08576,54.37339],[25.09427,54.37488],[25.10483,54.38153],[25.09307,54.3877],[25.08668,54.3936]]],[[[24.55114,54.16],[24.54143,54.14904],[24.5233,54.13744],[24.53888,54.12973],[24.54605,54.12206],[24.55756,54.12493],[24.57172,54.12576],[24.56113,54.13457],[24.55511,54.14179],[24.55141,54.15102],[24.55114,54.16]]],[[[24.25408,54.03115],[24.23499,54.03052],[24.23308,54.02917],[24.23457,54.02265],[24.23374,54.01165],[24.24251,54.0114],[24.24443,54.01342],[24.24601,54.02241],[24.25408,54.03115]]],[[[23.62945,53.93919],[23.62072,53.93602],[23.61811,53.93017],[23.61927,53.9277],[23.63069,53.92773],[23.63486,53.93044],[23.62945,53.93919]]],[[[24.45065,54.03574],[24.43988,54.02747],[24.43105,54.02278],[24.41766,54.01901],[24.40316,54.01816],[24.39855,54.01548],[24.40679,53.9995],[24.40655,53.97479],[24.41524,53.9678],[24.42013,53.96127],[24.42114,53.94801],[24.41341,53.93658],[24.40268,53.92898],[24.38969,53.92453],[24.37674,53.92299],[24.37668,53.91625],[24.37396,53.90997],[24.36858,53.90415],[24.35902,53.89834],[24.39178,53.90363],[24.43402,53.90438],[24.43474,53.90101],[24.43741,53.90122],[24.43704,53.90257],[24.44084,53.90188],[24.44314,53.9039],[24.43938,53.90795],[24.43192,53.92236],[24.43279,53.93247],[24.43858,53.94076],[24.45123,53.94857],[24.46957,53.95322],[24.48633,53.9536],[24.49698,53.95199],[24.50608,53.9488],[24.50838,53.94969],[24.50725,53.95149],[24.50878,53.95149],[24.50765,53.95284],[24.50959,53.9553],[24.50775,53.9607],[24.51044,53.96249],[24.51463,53.9627],[24.51696,53.96651],[24.52801,53.96623],[24.52992,53.96712],[24.52163,53.97457],[24.51792,53.98245],[24.51841,53.99076],[24.52347,53.99905],[24.52848,54.0033],[24.54383,54.01109],[24.56489,54.01684],[24.57454,54.02488],[24.55976,54.03236],[24.54637,54.0304],[24.50515,54.02968],[24.48955,54.03289],[24.46894,54.03275],[24.45065,54.03574]]]]}},{"type":"Feature","properties":{"km":4},"geometry":{"type":"MultiPolygon","coordinates":[[[[22.42377,55.1455],[22.41173,55.14265],[22.41184,55.13973],[22.41402,55.13437],[22.42174,55.12751],[22.42597,55.11947],[22.43533,55.12072],[22.44904,55.12089],[22.46165,55.11926],[22.46789,55.12001],[22.46068,55.12396],[22.45378,55.13016],[22.43627,55.1369],[22.42377,55.1455]]],[[[25.06154,54.37428],[25.03882,54.37358],[25.03245,54.3651],[25.01877,54.35645],[25.02023,54.35307],[25.03624,54.34732],[25.04241,54.34816],[25.04294,54.354],[25.04699,54.36205],[25.0545,54.36985],[25.06154,54.37428]]],[[[24.45588,54.02539],[24.44972,54.02047],[24.44013,54.01556],[24.42865,54.01178],[24.41795,54.01002],[24.42205,53.9999],[24.42182,53.97721],[24.43314,53.96661],[24.43649,53.95919],[24.43681,53.95312],[24.4544,53.95979],[24.47005,53.96243],[24.49024,53.96235],[24.5081,53.95868],[24.50775,53.9607],[24.5154,53.96382],[24.50712,53.97171],[24.50377,53.97802],[24.50277,53.98993],[24.50474,53.99576],[24.51056,54.00383],[24.51865,54.01031],[24.52863,54.01565],[24.54397,54.02143],[24.50428,54.0207],[24.48601,54.02392],[24.46807,54.02377],[24.45588,54.02539]]],[[[24.41634,53.92444],[24.40525,53.91908],[24.39151,53.91553],[24.38994,53.90992],[24.38493,53.90275],[24.42565,53.90418],[24.41854,53.91612],[24.41634,53.92444]]]]}}]}